Date,Open,Close,Month Number,Weekly Mentions,Volume,PB,PS,MOA,Unnamed: 5,Unnamed: 6,Unnamed: 7,Unnamed: 8,price change,ShiftedPB,ShiftedPS
12/31/2019,322.0,323.57001,24,11,3714837.0,18.726,7.044,25.07,,,,,-0.017533700544964788,18.726,7.044
12/30/2019,329.07999,323.31,24,11,4315267.0,20.65,7.506,24.87,,,,,-0.01162298809535653,20.65,7.506
12/27/2019,332.95999,329.09,24,11,5037156.0,21.019000000000002,7.641,30.16,,,,,-0.005887656727804647,21.019000000000002,7.641
12/26/2019,334.60001,332.63,24,11,3595854.0,21.245,7.723,39.51,,,,,-0.0024250770208952784,21.245,7.723
12/24/2019,334.01001,333.20001,24,11,2019322.0,21.281999999999996,7.736000000000001,25.85,,,,,-0.013796778369351732,21.281999999999996,7.736000000000001
12/23/2019,337.76001,333.10001,24,11,5767937.0,21.275,7.734,30.24,,,,,0.005671611940298515,21.275,7.734
12/20/2019,335.0,336.89999,24,0,9923260.0,21.518,7.822,32.58,,,,,0.023790446841294385,21.518,7.822
12/19/2019,324.5,332.22,24,0,9833355.0,21.219,7.712999999999999,26.06,,,,,0.01435521361047183,21.219,7.712999999999999
12/18/2019,316.26001,320.79999,24,0,11210737.0,20.49,7.4479999999999995,10.81,,,,,0.026418597944384406,20.49,7.4479999999999995
12/17/2019,307.35999,315.48001,24,0,10437127.0,20.15,7.325,0.82,,,,,0.011168289474213437,20.15,7.325
12/16/2019,300.85001,304.20999,24,0,4660166.0,19.43,7.063,-11.085,,,,,0.0,19.43,7.063
12/13/2019,298.5,298.5,24,0,3883069.0,19.065,6.93,-17.43,,,,,0.009368518640088006,19.065,6.93
12/12/2019,295.67001,298.44,24,0,4771404.0,19.062,6.928999999999999,-14.05,,,,,0.015076913140579067,19.062,6.928999999999999
12/11/2019,294.48999,298.92999,24,0,5607155.0,19.093,6.94,-16.62,,,,,-0.010131027961637173,19.093,6.94
12/10/2019,296.12,293.12,24,0,10481239.0,18.722,6.806,-17.36,,,,,-0.01578008733430657,18.722,6.806
12/9/2019,307.35001,302.5,24,0,5766006.0,19.320999999999998,7.023,-9.19,,,,,0.008697078808760056,19.320999999999998,7.023
12/6/2019,304.70001,307.35001,24,10,4459684.0,19.631,7.136,2.19,,,,,-0.007894650895753051,19.631,7.136
12/5/2019,305.26999,302.85999,24,10,4618867.0,19.344,7.032,0.26,,,,,-0.013325487576613256,19.344,7.032
12/4/2019,308.42999,304.32001,24,10,3513551.0,19.437,7.066,1.75,,,,,0.013036860565151206,19.437,7.066
12/3/2019,302.22,306.16,24,10,5272447.0,19.555,7.108,11.13,,,,,-0.0139954192564835,19.555,7.108
12/2/2019,314.39001,309.98999,24,10,6223135.0,19.799,7.197,20.37,,,,,-0.0035467730698585972,19.799,7.197
11/29/2019,315.78,314.66,23,31,2411749.0,20.098,7.306,31.55,,,,,0.006370847207047661,20.098,7.306
11/27/2019,313.92999,315.92999,23,31,4100975.0,20.179000000000002,7.335,21.75,,,,,-0.007968285714285785,20.179000000000002,7.335
11/26/2019,315.0,312.48999,23,31,5328348.0,19.959,7.255,20.92,,,,,0.02175954479032289,19.959,7.255
11/25/2019,308.82999,315.54999,23,31,7878943.0,20.154,7.3260000000000005,25.98,,,,,0.004464574426898257,20.154,7.3260000000000005
11/22/2019,309.10001,310.48001,23,15,5970056.0,19.831,7.209,21.89,,,,,0.01859477124183006,19.831,7.209
11/21/2019,306.0,311.69,23,15,7488373.0,19.908,7.237,23.66,,,,,0.013786883698651756,19.908,7.237
11/20/2019,301.01001,305.16,23,15,5115546.0,19.491,7.085,12.3,,,,,-0.004638005176211221,19.491,7.085
11/19/2019,304.01001,302.60001,23,15,5919710.0,19.327,7.026,15.79,,,,,0.022195979729729812,19.327,7.026
11/18/2019,296.0,302.57001,23,15,8621566.0,19.325,7.025,15.16,,,,,0.015279259437695716,19.325,7.025
11/15/2019,290.59,295.03,23,10,6337779.0,18.844,6.85,3.58,,,,,0.022488967343336292,18.844,6.85
11/14/2019,283.25,289.62,23,10,6539771.0,18.498,6.724,8.41,,,,,-0.02721372367109917,18.498,6.724
11/13/2019,291.03,283.10999,23,10,9233066.0,18.083,6.5729999999999995,1.25,,,,,-0.011208180576724219,18.083,6.5729999999999995
11/12/2019,295.32001,292.01001,23,10,5774833.0,18.651,6.78,15.19,,,,,0.017360596209710713,18.651,6.78
11/11/2019,289.16,294.17999,23,10,3945885.0,18.79,6.83,22.68,,,,,0.00983617878861997,18.79,6.83
11/8/2019,288.73001,291.57001,23,0,4509588.0,18.623,6.77,20.3,,,,,-0.003887168768931227,18.623,6.77
11/7/2019,290.70001,289.57001,23,0,5928471.0,18.495,6.723,22.88,,,,,0.0013879732121169273,18.495,6.723
11/6/2019,288.19,288.59,23,0,3438257.0,18.433,6.7,10.54,,,,,-0.006758819502700783,18.433,6.7
11/5/2019,289.98999,288.03,23,0,4062370.0,18.397000000000002,6.687,12.73,,,,,0.016874965277777716,18.397000000000002,6.687
11/4/2019,288.0,292.85999,23,0,5566213.0,18.705,6.7989999999999995,-0.49,,,,,-0.006546622565063361,18.705,6.7989999999999995
11/1/2019,288.70001,286.81,23,10,5594293.0,18.319000000000003,6.659,0.53,,,,,-0.012336769759450085,18.319000000000003,6.659
10/31/2019,291.0,287.41,22,10,5090021.0,18.357,6.672999999999999,3.16,,,,,0.025005310543715433,18.357,6.672999999999999
10/30/2019,284.34,291.45001,22,10,9345562.0,18.615,6.767,5.92,,,,,-0.0023415404264377185,18.615,6.767
10/29/2019,281.87,281.20999,22,10,4356181.0,17.961,6.529,-1.72,,,,,0.013702571972759297,17.961,6.529
10/28/2019,278.04999,281.85999,22,10,6248433.0,18.003,6.544,1.38,,,,,0.022683686370758512,18.003,6.544
10/25/2019,270.67999,276.82001,22,30,4747829.0,17.680999999999997,6.4270000000000005,9.29,,,,,-0.0011405025569331602,17.680999999999997,6.4270000000000005
10/24/2019,271.81,271.5,22,30,4911033.0,17.340999999999998,6.303999999999999,0.78,,,,,0.011974893680519304,17.340999999999998,6.303999999999999
10/23/2019,268.06,271.26999,22,30,7154430.0,17.326,6.297999999999999,-3.19,,,,,-0.016484732261395584,17.326,6.297999999999999
10/22/2019,271.16,266.69,22,30,11865593.0,17.034000000000002,6.192,-6.1,,,,,0.018908643815872782,17.034000000000002,6.192
10/21/2019,272.89001,278.04999,22,30,12633959.0,17.759,6.456,9.9,,,,,-0.04858999338505646,17.759,6.456
10/18/2019,289.35999,275.29999,22,51,23449638.0,17.584,6.392,7.27,,,,,-0.03658570188136556,17.584,6.392
10/17/2019,304.48999,293.35001,22,51,38462344.0,18.737000000000002,6.811,23.77,,,,,0.011161345012715344,18.737000000000002,6.811
10/16/2019,283.12,286.28,22,51,18413336.0,18.285,6.647,18.66,,,,,0.0015150094596923422,18.285,6.647
10/15/2019,283.82001,284.25,22,51,7728161.0,18.155,6.6,21.17,,,,,0.005635227191040994,18.155,6.6
10/14/2019,283.92999,285.53,22,51,5543120.0,18.237000000000002,6.629,22.22,,,,,-0.006566011466503228,18.237000000000002,6.629
10/11/2019,284.79999,282.92999,22,10,8817301.0,18.070999999999998,6.569,18.18,,,,,0.0545550626010451,18.070999999999998,6.569
10/10/2019,265.97,280.48001,22,10,10961191.0,17.915,6.5120000000000005,25.89,,,,,-0.009221502452466702,17.915,6.5120000000000005
10/9/2019,270.01999,267.53,22,10,6843488.0,17.087,6.211,1.61,,,,,-0.00846060872431581,17.087,6.211
10/8/2019,273.03,270.72,22,10,6302269.0,17.291,6.285,-0.03,,,,,0.009081216555065235,17.291,6.285
10/7/2019,271.98999,274.45999,22,10,6796811.0,17.53,6.372000000000001,-12.14,,,,,0.01711409332162208,17.53,6.372000000000001
10/4/2019,268.20001,272.79001,22,10,9992774.0,17.423,6.334,-18.77,,,,,0.0013816939278513325,17.423,6.334
10/3/2019,267.78,268.14999,22,10,9068810.0,17.127,6.226,-30.45,,,,,0.0167672325316654,17.127,6.226
10/2/2019,263.60999,268.03,22,10,7773299.0,17.119,6.223,-26.26,,,,,0.008341050744677406,17.119,6.223
10/1/2019,267.35001,269.57999,22,10,8786284.0,17.218,6.2589999999999995,-24.57,,,,,0.01371212121212123,17.218,6.2589999999999995
9/30/2019,264.0,267.62,21,10,6823100.0,17.093,6.212999999999999,-21.24,,,,,-0.011609196693496693,17.093,6.212999999999999
9/27/2019,266.17001,263.07999,21,10,7367491.0,18.866,6.5329999999999995,-25.19,,,,,-0.01167333489702965,18.866,6.5329999999999995
9/26/2019,266.42001,263.31,21,10,7696858.0,18.882,6.539,-24.68,,,,,0.03535250731873965,18.882,6.539
9/25/2019,255.71001,264.75,21,10,11846748.0,18.985,6.575,-29.59,,,,,-0.03013333333333332,18.985,6.575
9/24/2019,262.5,254.59,21,10,16392808.0,18.257,6.3229999999999995,-35.58,,,,,-0.009055337840307914,18.257,6.3229999999999995
9/23/2019,268.35001,265.92001,21,10,13610294.0,19.069000000000003,6.604,-27.33,,,,,-0.03393281117773464,19.069000000000003,6.604
9/20/2019,280.26001,270.75,21,20,23954192.0,19.416,6.724,-20.77,,,,,-0.01701190149540405,19.416,6.724
9/19/2019,291.56,286.60001,21,20,8545761.0,20.552,7.117000000000001,-2.69,,,,,-0.011627479291754868,20.552,7.117000000000001
9/18/2019,294.98999,291.56,21,20,7841539.0,20.908,7.2410000000000005,0.04,,,,,0.013921935483870959,20.908,7.2410000000000005
9/17/2019,294.5,298.60001,21,20,4817119.0,21.413,7.415,4.85,,,,,0.0002039220948264328,21.413,7.415
9/16/2019,294.23001,294.29001,21,20,5307386.0,21.104,7.308,-2.49,,,,,0.012181274291362182,21.104,7.308
9/13/2019,290.60999,294.14999,21,30,6583124.0,21.094,7.305,2.38,,,,,0.002637903414165048,21.094,7.305
9/12/2019,288.10001,288.85999,21,30,5010927.0,20.714000000000002,7.1739999999999995,-2.17,,,,,0.008995379454134379,20.714000000000002,7.1739999999999995
9/11/2019,285.70001,288.26999,21,30,7405949.0,20.671999999999997,7.159,-6.71,,,,,-0.010887518889957573,20.671999999999997,7.159
9/10/2019,291.16,287.98999,21,30,12320248.0,20.651999999999997,7.152,-3.45,,,,,-0.0015942471422272896,20.651999999999997,7.152
9/9/2019,294.81,294.34,21,30,8232744.0,21.107,7.31,-2.59,,,,,-0.010840292795626654,21.107,7.31
9/6/2019,293.35001,290.17001,21,0,5166556.0,20.808000000000003,7.206,-7.64,,,,,0.027793318807187672,20.808000000000003,7.206
9/5/2019,285.32001,293.25,21,0,8972356.0,21.029,7.2829999999999995,-5.74,,,,,0.0009270042918455178,21.029,7.2829999999999995
9/4/2019,291.25,291.51999,21,0,4653665.0,20.905,7.24,-17.86,,,,,-0.005260985996115018,20.905,7.24
9/3/2019,290.82001,289.29001,21,0,3684177.0,20.745,7.184,-13.51,,,,,-0.016835129526741995,20.745,7.184
8/30/2019,298.78,293.75,20,11,4447990.0,21.065,7.295,-5.36,,,,,0.006033898305084653,21.065,7.295
8/29/2019,295.0,296.78,20,11,4392532.0,21.281999999999996,7.37,-15.5,,,,,0.007945521124814245,21.281999999999996,7.37
8/28/2019,289.47,291.76999,20,11,3958043.0,20.923000000000002,7.246,-19.06,,,,,-0.01191692089641751,20.923000000000002,7.246
8/27/2019,294.54001,291.03,20,11,6314559.0,20.87,7.227,-17.9,,,,,-0.0008805717680724233,20.87,7.227
8/26/2019,295.23999,294.98001,20,11,4696982.0,21.153000000000002,7.3260000000000005,-20.92,,,,,-0.012067796610169499,21.153000000000002,7.3260000000000005
8/23/2019,295.0,291.44,20,0,6331189.0,20.899,7.2379999999999995,-12.85,,,,,-0.005759250150987875,20.899,7.2379999999999995
8/22/2019,298.64999,296.92999,20,0,4977042.0,21.293000000000003,7.374,-13.17,,,,,-0.01259901901790448,21.293000000000003,7.374
8/21/2019,301.60999,297.81,20,0,5689746.0,21.355999999999998,7.396,-9.82,,,,,-0.018320976513741608,21.355999999999998,7.396
8/20/2019,304.57001,298.98999,20,0,7352162.0,21.441,7.425,-19.84,,,,,0.01022040816326529,21.441,7.425
8/19/2019,306.25,309.38,20,0,4951733.0,22.186,7.683,-10.12,,,,,0.013183430809858482,22.186,7.683
8/16/2019,298.85999,302.79999,20,22,7090757.0,21.714000000000002,7.52,-20.19,,,,,-0.012487445742904767,21.714000000000002,7.52
8/15/2019,299.5,295.76001,20,22,9683384.0,21.209,7.345,-30.17,,,,,-0.028895229736202534,21.209,7.345
8/14/2019,308.01001,299.10999,20,22,7355753.0,21.449,7.428,-33.59,,,,,0.008102818481544857,21.449,7.428
8/13/2019,309.76999,312.28,20,22,5338761.0,22.394000000000002,7.755,-23.5,,,,,0.01758004378904093,22.394000000000002,7.755
8/12/2019,305.45999,310.82999,20,22,6531722.0,22.29,7.718999999999999,-15.63,,,,,-0.01533116642223391,22.29,7.718999999999999
8/9/2019,313.73999,308.92999,20,28,5349059.0,22.154,7.672000000000001,-9.01,,,,,0.015657621451307044,22.154,7.672000000000001
8/8/2019,311.03,315.89999,20,28,5905865.0,22.654,7.845,8.6,,,,,0.005717907191961902,22.654,7.845
8/7/2019,302.56,304.29001,20,28,9322433.0,21.820999999999998,7.557,-6.33,,,,,-0.0015454311786152477,21.820999999999998,7.557
8/6/2019,310.57999,310.10001,20,28,6179090.0,22.238000000000003,7.7010000000000005,-5.0,,,,,-0.010708741018418509,22.238000000000003,7.7010000000000005
8/5/2019,310.95999,307.63,20,28,8692485.0,22.06,7.64,-17.58,,,,,0.004220605506334332,22.06,7.64
8/2/2019,317.48999,318.82999,20,11,6280343.0,22.864,7.917999999999999,-43.61,,,,,-0.014649190439475714,22.864,7.917999999999999
8/1/2019,324.25,319.5,20,11,6563156.0,22.912,7.935,-46.49,,,,,-0.006673668347890415,22.912,7.935
7/31/2019,325.16,322.98999,19,11,6259494.0,23.162,8.021,-43.61,,,,,-0.009933231776025902,23.162,8.021
7/30/2019,329.20001,325.92999,19,11,6029320.0,23.373,8.094,-47.32,,,,,-0.009762485571686163,23.373,8.094
7/29/2019,335.98001,332.70001,19,11,5782817.0,23.858,8.262,-46.8,,,,,0.021259739613134772,23.858,8.262
7/26/2019,328.79001,335.78,19,11,10847495.0,24.079,8.339,-45.22,,,,,0.023834912621053594,24.079,8.339
7/25/2019,318.85999,326.45999,19,11,10798496.0,23.410999999999998,8.107000000000001,-53.47,,,,,0.02392834292202037,23.410999999999998,8.107000000000001
7/24/2019,310.51001,317.94,19,11,11961818.0,22.8,7.896,-58.22,,,,,-0.013293122270742416,22.8,7.896
7/23/2019,311.44,307.29999,19,11,9171068.0,22.037,7.632000000000001,-73.25,,,,,-0.004423076923076909,22.037,7.632000000000001
7/22/2019,312.0,310.62,19,11,17725334.0,22.275,7.7139999999999995,-70.515,,,,,-0.02566475032976966,22.275,7.7139999999999995
7/19/2019,323.39999,315.10001,19,56,16302482.0,22.596,7.825,-66.62,,,,,0.004478564230338337,22.596,7.825
7/18/2019,323.76001,325.20999,19,56,31305900.0,23.320999999999998,8.076,-50.22,,,,,-0.010402730375426628,23.320999999999998,8.076
7/17/2019,366.25,362.44,19,56,13639536.0,25.991,9.001,-12.16,,,,,-0.011078413358912692,25.991,9.001
7/16/2019,370.09,365.98999,19,56,5863222.0,26.246,9.089,-1.33,,,,,-0.017000026813964713,26.246,9.089
7/15/2019,372.94,366.60001,19,56,7944680.0,26.289,9.104,-3.42,,,,,-0.014339257799177546,26.289,9.104
7/12/2019,378.67999,373.25,19,0,6636937.0,26.766,9.269,11.05,,,,,-0.004198399260078732,26.766,9.269
7/11/2019,381.10001,379.5,19,0,4336287.0,27.214000000000002,9.425,19.2,,,,,-0.0046241608439575085,27.214000000000002,9.425
7/10/2019,382.76999,381.0,19,0,5878790.0,27.322,9.462,9.96,,,,,0.002295124782356284,27.322,9.462
7/9/2019,379.06,379.92999,19,0,6932822.0,27.245,9.435,10.72,,,,,-0.005367672334011932,27.245,9.435
7/8/2019,378.19,376.16,19,0,3113402.0,26.975,9.342,10.95,,,,,0.005974199530143513,26.975,9.342
7/5/2019,378.29001,380.54999,19,12,3732162.0,27.29,9.451,17.03,,,,,0.013353155114285035,27.29,9.451
7/3/2019,376.69,381.72,19,12,3799009.0,27.374000000000002,9.48,31.1,,,,,0.0014403691365367597,27.374000000000002,9.48
7/2/2019,374.89001,375.42999,19,12,3628962.0,26.921999999999997,9.324,35.7,,,,,0.0029451405622489893,26.921999999999997,9.324
7/1/2019,373.5,374.60001,19,12,5001518.0,26.863000000000003,9.302999999999999,31.17,,,,,-0.007940366014682487,26.863000000000003,9.302999999999999
6/28/2019,370.26001,367.32001,18,0,4592706.0,28.158,9.666,21.76,,,,,0.018777477456567212,28.158,9.666
6/27/2019,363.20001,370.01999,18,0,4138575.0,28.365,9.737,18.75,,,,,0.0016592919895107932,28.365,9.737
6/26/2019,361.60001,362.20001,18,0,3669677.0,27.766,9.531,10.19,,,,,-0.028186136210384412,27.766,9.531
6/25/2019,370.75,360.29999,18,0,5750383.0,27.62,9.481,-0.57,,,,,0.002079617632528059,27.62,9.481
6/24/2019,370.26999,371.04001,18,0,4830240.0,28.444000000000003,9.764,13.91,,,,,0.011534219178082205,28.444000000000003,9.764
6/21/2019,365.0,369.20999,18,11,7448356.0,28.303,9.715,13.48,,,,,-0.0019130660544943298,28.303,9.715
6/20/2019,365.91,365.20999,18,11,5899467.0,27.997,9.61,11.81,,,,,0.00497619705849823,27.997,9.61
6/19/2019,361.72,363.51999,18,11,5667156.0,27.866999999999997,9.566,26.89,,,,,0.004359169661130813,27.866999999999997,9.566
6/18/2019,355.57001,357.12,18,11,5428542.0,27.377,9.397,13.84,,,,,0.023140447634888695,27.377,9.397
6/17/2019,342.69,350.62,18,11,5358219.0,26.878,9.226,-1.23,,,,,-0.005561543190000885,26.878,9.226
6/14/2019,341.63,339.73001,18,0,5019011.0,26.043000000000003,8.94,-9.46,,,,,-0.010943812143426249,26.043000000000003,8.94
6/13/2019,347.23001,343.42999,18,0,6209347.0,26.326999999999998,9.037,-11.35,,,,,-0.017793217617156062,26.326999999999998,9.037
6/12/2019,351.82001,345.56,18,0,4584704.0,26.49,9.093,-9.025,,,,,-0.010507070422535191,26.49,9.093
6/11/2019,355.0,351.26999,18,0,5396712.0,26.928,9.243,-3.12,,,,,-0.03200874555228224,26.928,9.243
6/10/2019,363.64999,352.01001,18,0,7810261.0,26.985,9.263,-0.2,,,,,0.009737233561732703,26.985,9.263
6/7/2019,357.39001,360.87,18,11,4777321.0,27.664,9.496,1.14,,,,,0.006453612895953164,27.664,9.496
6/6/2019,354.84,357.13,18,11,3709955.0,27.377,9.397,2.86,,,,,0.0038094982786838916,27.377,9.397
6/5/2019,354.38,355.73001,18,11,5020081.0,27.27,9.361,7.62,,,,,0.024347797101449284,27.27,9.361
6/4/2019,345.0,353.39999,18,11,7891632.0,27.090999999999998,9.299,-1.05,,,,,-0.0201711491442543,27.090999999999998,9.299
6/3/2019,343.56,336.63,18,11,7849589.0,25.805999999999997,8.857999999999999,-22.68,,,,,-0.011347272622544941,25.805999999999997,8.857999999999999
5/31/2019,347.22,343.28,17,0,5023449.0,26.316,9.033,-11.71,,,,,0.003708515296206449,26.316,9.033
5/30/2019,350.54999,351.85001,17,0,4008042.0,26.973000000000003,9.259,6.24,,,,,-0.012471747384848773,26.973000000000003,9.259
5/29/2019,353.60001,349.19,17,0,5658913.0,26.769000000000002,9.189,3.93,,,,,0.0011004542707057537,26.769000000000002,9.189
5/28/2019,354.39001,354.78,17,0,4717144.0,27.197,9.336,-6.26,,,,,-0.0028698967389775387,27.197,9.336
5/24/2019,355.41,354.39001,17,11,3830963.0,27.166999999999998,9.325,-9.98,,,,,-0.00925459915611813,27.166999999999998,9.325
5/23/2019,355.5,352.20999,17,11,5630443.0,27.0,9.267999999999999,-18.25,,,,,0.004804334940243627,27.0,9.267999999999999
5/22/2019,358.01001,359.73001,17,11,6229389.0,27.576999999999998,9.466000000000001,-18.94,,,,,0.009459979784585237,27.576999999999998,9.466000000000001
5/21/2019,350.95001,354.26999,17,11,4026369.0,27.158,9.322000000000001,-30.76,,,,,-0.00888312476487989,27.158,9.322000000000001
5/20/2019,351.23001,348.10999,17,11,4621515.0,26.686,9.16,-30.95,,,,,-0.005443474692233931,26.686,9.16
5/17/2019,356.39001,354.45001,17,0,4725448.0,27.171999999999997,9.327,-24.36,,,,,0.008249852681202114,27.171999999999997,9.327
5/16/2019,356.37,359.31,17,0,6441463.0,27.544,9.455,-11.23,,,,,0.03393135084755637,27.544,9.455
5/15/2019,343.34,354.98999,17,0,6340118.0,27.213,9.341000000000001,-16.84,,,,,-0.0088899087749107,27.213,9.341000000000001
5/14/2019,348.70999,345.60999,17,0,5353029.0,26.494,9.094,-29.24,,,,,-0.01995515001972373,26.494,9.094
5/13/2019,352.29001,345.26001,17,0,8026697.0,26.467,9.085,-23.07,,,,,-0.0016038659366185756,26.467,9.085
5/10/2019,361.62,361.04001,17,0,5657123.0,27.677,9.5,-13.19,,,,,0.0051261015551704436,27.677,9.5
5/9/2019,360.89999,362.75,17,0,5882572.0,27.808000000000003,9.545,-19.14,,,,,-0.009648863621198494,27.808000000000003,9.545
5/8/2019,367.92001,364.37,17,0,6571957.0,27.932,9.588,-12.97,,,,,-0.017347506631299723,27.932,9.588
5/7/2019,377.0,370.45999,17,0,6974924.0,28.399,9.748,1.615,,,,,0.002594747014747526,28.399,9.748
5/6/2019,377.69,378.67001,17,0,5793144.0,29.029,9.964,18.32,,,,,0.009173590543338663,29.029,9.964
5/3/2019,381.53,385.03,17,0,5130301.0,29.516,10.132,30.29,,,,,0.0028042328042328104,29.516,10.132
5/2/2019,378.0,379.06,17,0,5398167.0,29.058000000000003,9.975,19.6,,,,,0.012860962566844925,29.058000000000003,9.975
5/1/2019,374.0,378.81,17,0,9257284.0,29.039,9.968,29.94,,,,,0.0026518292022946017,29.039,9.968
4/30/2019,369.56,370.54001,16,0,3870095.0,28.405,9.75,19.4,,,,,-0.00495076014105001,28.405,9.75
4/29/2019,373.67999,371.82999,16,0,3821703.0,28.504,9.783999999999999,4.18,,,,,0.017646259871148096,28.504,9.783999999999999
4/26/2019,368.35001,374.85001,16,33,5621901.0,28.736,9.863999999999999,10.93,,,,,-0.016449037796711117,28.736,9.863999999999999
4/25/2019,374.48999,368.32999,16,33,6255496.0,28.236,9.692,3.62,,,,,-0.01794945763378239,28.236,9.692
4/24/2019,381.07001,374.23001,16,33,6541872.0,28.688000000000002,9.847000000000001,12.82,,,,,0.01715274957643495,28.688000000000002,9.847000000000001
4/23/2019,375.45001,381.89001,16,33,10089820.0,29.275,10.049,16.4,,,,,0.049040838225164224,29.275,10.049
4/22/2019,359.70001,377.34,16,33,11980534.0,28.927,9.929,9.46,,,,,0.015070450704225346,28.927,9.929
4/18/2019,355.0,360.35001,16,28,8353165.0,27.624000000000002,9.482000000000001,-7.37,,,,,-0.028242707252231408,27.624000000000002,9.482000000000001
4/17/2019,365.04999,354.73999,16,28,18054100.0,27.194000000000003,9.335,-12.22,,,,,0.01256335211267607,27.194000000000003,9.335
4/16/2019,355.0,359.45999,16,28,18740232.0,27.555999999999997,9.459,2.9,,,,,-0.00524647159323862,27.555999999999997,9.459
4/15/2019,350.70999,348.87,16,28,8842344.0,26.744,9.18,-5.74,,,,,-0.026477002412043527,26.744,9.18
4/12/2019,360.69,351.14001,16,16,15646199.0,26.918000000000003,9.24,-2.23,,,,,0.007260246575342473,26.918000000000003,9.24
4/11/2019,365.0,367.64999,16,16,6526899.0,28.184,9.674,7.68,,,,,-0.005112222720352599,28.184,9.674
4/10/2019,365.79001,363.92001,16,16,4545561.0,27.898000000000003,9.576,-2.31,,,,,0.011565928563656526,27.898000000000003,9.576
4/9/2019,360.54001,364.70999,16,16,5439228.0,27.958000000000002,9.597000000000001,3.7,,,,,-0.010133905128150444,27.958000000000002,9.597000000000001
4/8/2019,365.10999,361.41,16,16,4653810.0,27.705,9.51,-16.46,,,,,-0.009512222222222283,27.705,9.51
4/5/2019,369.0,365.48999,16,11,3905493.0,28.018,9.617,-9.73,,,,,-0.005917826197264753,28.018,9.617
4/4/2019,370.07001,367.88,16,11,4627305.0,28.201,9.68,9.1,,,,,0.0013269511637612138,28.201,9.68
4/3/2019,369.26001,369.75,16,11,5376623.0,28.345,9.73,6.31,,,,,0.00401365187713318,28.345,9.73
4/2/2019,366.25,367.72,16,11,5158742.0,28.189,9.676,6.26,,,,,0.022172674094707533,28.189,9.676
4/1/2019,359.0,366.95999,16,11,7036097.0,28.131,9.656,8.14,,,,,-0.0016799193638705977,28.131,9.656
3/29/2019,357.16,356.56,15,11,4705636.0,29.715999999999998,9.856,-4.65,,,,,0.0003666779404570348,29.715999999999998,9.856
3/28/2019,354.48001,354.60999,15,11,4360960.0,29.553,9.802,-1.66,,,,,-0.02113573407202215,29.553,9.802
3/27/2019,361.0,353.37,15,11,7852370.0,29.45,9.767999999999999,-5.49,,,,,-0.021474977573599306,29.45,9.767999999999999
3/26/2019,367.87,359.97,15,11,7666475.0,30.0,9.951,10.37,,,,,0.020139303621169898,30.0,9.951
3/25/2019,359.0,366.23001,15,11,8473845.0,30.522,10.124,13.63,,,,,-0.03973932598113243,30.522,10.124
3/22/2019,375.95001,361.01001,15,11,8661346.0,30.087,9.979,1.4,,,,,0.010347593582887712,30.087,9.979
3/21/2019,374.0,377.87,15,11,8544017.0,31.491999999999997,10.445,23.57,,,,,0.04544314730712435,31.491999999999997,10.445
3/20/2019,358.91,375.22,15,11,10917165.0,31.271,10.372,24.18,,,,,-0.020796916506466142,31.271,10.372
3/19/2019,366.39999,358.78,15,11,7541425.0,29.901,9.918,1.46,,,,,0.0026760835379478864,29.901,9.918
3/18/2019,362.47,363.44,15,11,7194726.0,30.289,10.046,5.34,,,,,0.0012187690770253407,30.289,10.046
3/15/2019,361.01999,361.45999,15,11,8443210.0,30.124000000000002,9.992,-1.41,,,,,-0.004660166435506172,30.124000000000002,9.992
3/14/2019,360.5,358.82001,15,11,5271429.0,29.904,9.919,-6.15,,,,,0.015176611112672501,29.904,9.919
3/13/2019,355.81,361.20999,15,11,6444092.0,30.103,9.985,-2.7,,,,,-0.008626234799788511,30.103,9.985
3/12/2019,359.37,356.26999,15,11,5164571.0,29.691999999999997,9.847999999999999,-6.75,,,,,0.019488607954545403,29.691999999999997,9.847999999999999
3/11/2019,352.0,358.85999,15,11,5387285.0,29.906999999999996,9.92,1.89,,,,,0.011135242227042654,29.906999999999996,9.92
3/8/2019,345.75,349.60001,15,11,6898838.0,29.136,9.664,-10.31,,,,,-0.020990643047534504,29.136,9.664
3/7/2019,360.16,352.60001,15,11,6151331.0,29.386,9.747,-9.32,,,,,0.01699654929308397,29.386,9.747
3/6/2019,353.60001,359.60999,15,11,6211895.0,29.97,9.941,0.215,,,,,0.008080578389591302,29.97,9.941
3/5/2019,351.45999,354.29999,15,11,5937754.0,29.526999999999997,9.794,-2.57,,,,,-0.02412985099521859,29.526999999999997,9.794
3/4/2019,359.72,351.04001,15,11,7486996.0,29.256,9.704,-8.03,,,,,-0.013636614209777109,29.256,9.704
3/1/2019,362.26001,357.32001,15,21,5526539.0,29.779,9.877,5.55,,,,,-0.012056142577316825,29.779,9.877
2/28/2019,362.47,358.10001,14,21,6186763.0,29.844,9.899,-1.87,,,,,-0.0017331499312241965,29.844,9.899
2/27/2019,363.5,362.87,14,21,5629945.0,30.241999999999997,10.031,17.14,,,,,0.005482368023517423,30.241999999999997,10.031
2/26/2019,362.98001,364.97,14,21,4944593.0,30.416999999999998,10.089,17.4,,,,,-0.008446663348501032,30.416999999999998,10.089
2/25/2019,367.01001,363.91,14,21,7569320.0,30.328000000000003,10.059,19.2,,,,,0.007437392462674231,30.328000000000003,10.059
2/22/2019,360.34,363.01999,14,10,7088214.0,30.254,10.035,10.83,,,,,-0.008499291725689376,30.254,10.035
2/21/2019,360.03,356.97,14,10,6227897.0,29.75,9.868,1.16,,,,,-0.01353983791860105,29.75,9.868
2/20/2019,364.85001,359.91,14,10,8110741.0,29.995,9.949,8.57,,,,,0.01720073123104925,29.995,9.949
2/19/2019,355.79999,361.92001,14,10,7396559.0,30.162,10.004,22.07,,,,,-0.004463413953747936,30.162,10.004
2/15/2019,358.47,356.87,14,10,9229980.0,29.741999999999997,9.865,16.21,,,,,0.020810262970860055,29.741999999999997,9.865
2/14/2019,351.75,359.07001,14,10,9295338.0,29.925,9.926,30.17,,,,,-0.015477190469554654,29.925,9.926
2/13/2019,357.29999,351.76999,14,10,10559146.0,29.316999999999997,9.724,16.11,,,,,0.03412910454192897,29.316999999999997,9.724
2/12/2019,348.09,359.97,14,10,10429399.0,30.0,9.951,21.92,,,,,-0.01219997142857145,30.0,9.951
2/11/2019,350.0,345.73001,14,10,5454863.0,28.813000000000002,9.557,19.06,,,,,0.02831363905325451,28.813000000000002,9.557
2/8/2019,338.0,347.57001,14,10,7561391.0,28.965999999999998,9.607999999999999,25.58,,,,,-0.009169301786987685,28.965999999999998,9.607999999999999
2/7/2019,347.89999,344.70999,14,10,7864529.0,28.728,9.529,19.55,,,,,-0.013473389355742302,28.728,9.529
2/6/2019,357.0,352.19,14,10,6717662.0,29.351999999999997,9.735,20.06,,,,,0.007389552452164375,29.351999999999997,9.735
2/5/2019,353.20001,355.81,14,10,9046623.0,29.653000000000002,9.836,16.71,,,,,0.025510769833310798,29.653000000000002,9.836
2/4/2019,342.60001,351.34,14,10,9051387.0,29.281,9.712,-1.85,,,,,0.007918678685529418,29.281,9.712
2/1/2019,337.17999,339.85001,14,10,9827760.0,28.323,9.394,-11.54,,,,,-0.0005298810801306702,28.323,9.394
1/31/2019,339.67999,339.5,13,10,8535517.0,28.294,9.385,-15.14,,,,,0.023771600300525997,28.294,9.385
1/30/2019,332.75,340.66,13,10,9234530.0,28.391,9.417,7.72,,,,,-0.020752106469765094,28.391,9.417
1/29/2019,335.87,328.89999,13,10,7655189.0,27.410999999999998,9.092,-8.69,,,,,0.0028682102519208314,27.410999999999998,9.092
1/28/2019,334.70001,335.66,13,10,8652082.0,27.974,9.279,11.0,,,,,0.028382787782915406,27.974,9.279
1/25/2019,328.72,338.04999,13,42,11166609.0,28.173000000000002,9.345,18.09,,,,,0.018933249565400802,28.173000000000002,9.345
1/24/2019,320.60001,326.67001,13,42,11131627.0,27.225,9.03,6.4,,,,,-0.01907086062452406,27.225,9.03
1/23/2019,328.25,321.98999,13,42,13480138.0,26.835,8.901,6.65,,,,,-0.029054345335652123,26.835,8.901
1/22/2019,334.89001,325.16,13,42,17941416.0,27.099,8.988,27.59,,,,,-0.03656558797624806,27.099,8.988
1/18/2019,351.97,339.10001,13,95,26621040.0,28.261,9.374,71.44,,,,,0.010557939914163084,28.261,9.374
1/17/2019,349.5,353.19,13,95,18871196.0,29.435,9.763,85.53,,,,,-0.007372853107344582,29.435,9.763
1/16/2019,354.0,351.39001,13,95,15385548.0,29.285,9.713,83.73,,,,,0.014416475560169522,29.285,9.713
1/15/2019,349.60001,354.64001,13,95,21181234.0,29.555999999999997,9.802999999999999,98.56,,,,,-0.003889390973234471,29.555999999999997,9.802999999999999
1/14/2019,334.23999,332.94,13,95,10499582.0,27.747,9.203,77.37,,,,,0.020032663162698215,27.747,9.203
1/11/2019,330.95999,337.59,13,27,19500428.0,28.135,9.332,83.92,,,,,0.03207549886907528,28.135,9.332
1/10/2019,314.57001,324.66,13,27,13472475.0,27.057,8.974,80.885,,,,,0.007081930284911721,27.057,8.974
1/9/2019,317.70999,319.95999,13,27,13343152.0,26.665,8.845,86.08,,,,,0.0009062441119369117,26.665,8.845
1/8/2019,319.98001,320.26999,13,27,15359180.0,26.691,8.853,73.88,,,,,0.04382651294847682,26.691,8.853
1/7/2019,302.10001,315.34,13,27,18620116.0,26.28,8.717,54.76,,,,,0.05566201929899258,26.28,8.717
1/4/2019,281.88,297.57001,13,17,19330102.0,24.799,8.226,30.8,,,,,0.003700962113213837,24.799,8.226
1/3/2019,270.20001,271.20001,13,17,14969647.0,22.601999999999997,7.497000000000001,0.26,,,,,0.03232027152113566,22.601999999999997,7.497000000000001
1/2/2019,259.28,267.66,13,17,11679528.0,22.307,7.399,4.86,,,,,0.02882841328413284,22.307,7.399
12/31/2018,260.16,267.66,12,17,13508920.0,22.307,7.399,-8.36,,,,,-0.007211018066216905,22.307,7.399
12/28/2018,257.94,256.07999,12,0,10987286.0,22.291,7.497999999999999,-18.8,,,,,0.02183043460877207,22.291,7.497999999999999
12/27/2018,250.11,255.57001,12,0,12235217.0,22.247,7.483,-9.75,,,,,0.08443057455540356,22.247,7.483
12/26/2018,233.92,253.67,12,0,14402735.0,22.081999999999997,7.428,-16.03,,,,,-0.03355371900826448,22.081999999999997,7.428
12/24/2018,242.0,233.88,12,0,9547616.0,20.359,6.848,-49.0,,,,,-0.06610313709976649,20.359,6.848
12/21/2018,263.82999,246.39,12,11,21397596.0,21.448,7.2139999999999995,-32.715,,,,,-0.015341671125239181,21.448,7.2139999999999995
12/20/2018,264.64001,260.57999,12,11,16792928.0,22.683000000000003,7.63,-14.75,,,,,-0.011816565854814255,22.683000000000003,7.63
12/19/2018,269.95999,266.76999,12,11,13788448.0,23.221999999999998,7.811,-23.53,,,,,0.029016370262680294,23.221999999999998,7.811
12/18/2018,263.29999,270.94,12,11,10350079.0,23.585,7.933,-15.19,,,,,-0.013920752920312609,23.585,7.933
12/17/2018,266.51001,262.79999,12,11,9634734.0,22.875999999999998,7.695,-25.95,,,,,-0.01828483131599289,22.875999999999998,7.695
12/14/2018,271.81,266.84,12,33,9915319.0,23.228,7.813,-15.81,,,,,-0.005834965933044055,23.228,7.813
12/13/2018,277.64001,276.01999,12,33,8379292.0,24.026999999999997,8.082,9.39,,,,,0.02697451991332276,24.026999999999997,8.082
12/12/2018,267.66,274.88,12,33,11456716.0,23.928,8.049,13.45,,,,,-0.03196139929806618,23.928,8.049
12/11/2018,274.07999,265.32001,12,33,9843199.0,23.096,7.769,6.5,,,,,0.020856239827397035,23.096,7.769
12/10/2018,264.19,269.70001,12,33,9605553.0,23.476999999999997,7.897,9.225,,,,,-0.061384874632367706,23.476999999999997,7.897
12/7/2018,282.48001,265.14001,12,21,12466711.0,23.08,7.763,3.01,,,,,0.054224315366314384,23.08,7.763
12/6/2018,268.32999,282.88,12,21,13074324.0,24.624000000000002,8.283,15.9,,,,,-0.04442442647416092,24.624000000000002,8.283
12/4/2018,288.13,275.32999,12,21,12800586.0,23.967,8.062000000000001,-10.88,,,,,-0.009857123367099895,23.967,8.062000000000001
12/3/2018,293.19,290.29999,12,21,14117370.0,25.27,8.5,0.24,,,,,-0.006493055555555571,25.27,8.5
11/30/2018,288.0,286.13,11,32,11860117.0,24.906999999999996,8.378,-0.6,,,,,0.022775537589418388,24.906999999999996,8.378
11/29/2018,282.32001,288.75,11,32,15431538.0,25.135,8.455,-5.65,,,,,0.039230750818782634,25.135,8.455
11/28/2018,271.98001,282.64999,11,32,14801333.0,24.604,8.276,-11.42,,,,,0.02850644300672909,24.604,8.276
11/27/2018,259.23999,266.63,11,32,11149501.0,23.21,7.807,-36.84,,,,,0.0033774708646121827,23.21,7.807
11/26/2018,260.54999,261.42999,11,32,12498560.0,22.756999999999998,7.655,-56.49,,,,,-0.004959363536940497,22.756999999999998,7.655
11/23/2018,260.10999,258.82001,11,23,5245123.0,22.53,7.577999999999999,-68.68,,,,,-0.04478540030663214,22.53,7.577999999999999
11/21/2018,274.42001,262.13,11,23,11023037.0,22.818,7.675,-53.31,,,,,0.04850178690649176,22.818,7.675
11/20/2018,254.63,266.98001,11,23,16693809.0,23.24,7.817,-42.12,,,,,-0.04647802789111568,23.24,7.817
11/19/2018,283.79001,270.60001,11,23,12993797.0,23.555,7.922999999999999,-46.78,,,,,-0.003238907737030493,23.555,7.922999999999999
11/16/2018,287.14001,286.20999,11,11,9099485.0,24.914,8.38,-15.57,,,,,0.015936358938868658,24.914,8.38
11/15/2018,285.51001,290.06,11,11,9967098.0,25.249000000000002,8.493,4.25,,,,,-0.0455059269476008,25.249000000000002,8.493
11/14/2018,300.39999,286.73001,11,11,16853574.0,24.96,8.396,1.89,,,,,-0.002033932203389822,24.96,8.396
11/13/2018,295.0,294.39999,11,11,12232162.0,25.627,8.62,-5.43,,,,,-0.019766633333333252,25.627,8.62
11/12/2018,300.0,294.07001,11,11,10924827.0,25.598000000000003,8.611,-18.8,,,,,-0.024431831278110022,25.598000000000003,8.611
11/9/2018,311.07001,303.47,11,16,13480792.0,26.416999999999998,8.886000000000001,1.64,,,,,-0.03073167682926832,26.416999999999998,8.886000000000001
11/8/2018,328.0,317.92001,11,16,11023853.0,27.675,9.309,-15.24,,,,,0.046660308298507765,27.675,9.309
11/7/2018,312.89999,327.5,11,16,13328328.0,28.509,9.589,-2.04,,,,,-0.012453964529992381,28.509,9.589
11/6/2018,314.76001,310.84,11,16,9710424.0,27.058000000000003,9.102,-21.83,,,,,0.013950465639650736,27.058000000000003,9.102
11/5/2018,311.10001,315.44,11,16,10283044.0,27.459,9.236,-31.27,,,,,-0.027987389937106925,27.459,9.236
11/2/2018,318.0,309.10001,11,39,13404646.0,26.906999999999996,9.051,-55.6,,,,,0.04199087297678854,26.906999999999996,9.051
11/1/2018,304.59,317.38,11,39,15121450.0,27.628,9.293,-29.02,,,,,0.013466803689653096,27.628,9.293
10/31/2018,297.76999,301.78,10,39,20360342.0,26.27,8.836,-31.35,,,,,0.03715930481695006,26.27,8.836
10/30/2018,275.57001,285.81,10,39,23685702.0,24.879,8.369,-53.75,,,,,-0.06689382602064399,24.879,8.369
10/29/2018,305.26001,284.84,10,39,21698840.0,24.795,8.34,-36.26,,,,,-0.0022628863511069503,24.795,8.34
10/26/2018,300.51001,299.82999,10,27,19616040.0,26.1,8.779,-26.06,,,,,0.018722323521750454,26.1,8.779
10/25/2018,307.12,312.87,10,27,13346921.0,27.235,9.161,-42.84,,,,,-0.0916396111713012,27.235,9.161
10/24/2018,332.28,301.82999,10,27,19039296.0,26.274,8.838,-47.27,,,,,0.04767295597484285,26.274,8.838
10/23/2018,318.0,333.16,10,27,14907326.0,29.000999999999998,9.755,-18.19,,,,,-0.010687480916016791,29.000999999999998,9.755
10/22/2018,333.10001,329.54001,10,27,17097176.0,28.686,9.649,-34.11,,,,,-0.05222219373219376,28.686,9.649
10/19/2018,351.0,332.67001,10,100,16717233.0,28.959,9.741,-44.38,,,,,-0.03870579647029701,28.959,9.741
10/18/2018,360.67001,346.70999,10,100,18461040.0,30.180999999999997,10.152000000000001,-30.43,,,,,-0.036026697222707585,30.180999999999997,10.152000000000001
10/17/2018,378.32999,364.70001,10,100,32610948.0,31.747,10.679,-16.73,,,,,0.02716166608829524,31.747,10.679
10/16/2018,337.23999,346.39999,10,100,20156418.0,30.154,10.142999999999999,-27.73,,,,,-0.013328199508337529,30.154,10.142999999999999
10/15/2018,337.63,333.13,10,100,11214956.0,28.999000000000002,9.754,-47.58,,,,,-2.947845718184153e-05,28.999000000000002,9.754
10/12/2018,339.57001,339.56,10,33,14870830.0,29.558000000000003,9.943,-38.32,,,,,-0.011817535545023697,29.558000000000003,9.943
10/11/2018,324.94,321.10001,10,33,16082056.0,27.951,9.402000000000001,-48.33,,,,,-0.07815676844752113,27.951,9.402000000000001
10/10/2018,353.51999,325.89001,10,33,17183120.0,28.368000000000002,9.542,-43.72,,,,,0.0207471871915982,28.368000000000002,9.542
10/9/2018,348.48001,355.70999,10,33,8754990.0,30.964000000000002,10.415,-5.48,,,,,0.01135645203535704,30.964000000000002,10.415
10/8/2018,345.17999,349.10001,10,33,12375496.0,30.389,10.222000000000001,-16.26,,,,,-0.02340378640252904,30.389,10.222000000000001
10/5/2018,359.76999,351.35001,10,11,13522957.0,30.585,10.288,-15.61,,,,,-0.032537006491433415,30.585,10.288
10/4/2018,375.88,363.64999,10,11,9074350.0,31.655,10.648,-4.0,,,,,-0.00390988825192189,31.655,10.648
10/3/2018,378.53,377.04999,10,11,5798605.0,32.821999999999996,11.04,26.7,,,,,-0.01883550132681195,32.821999999999996,11.04
10/2/2018,384.38,377.14001,10,11,8638717.0,32.83,11.043,12.58,,,,,0.014846294669514516,32.83,11.043
10/1/2018,375.85001,381.42999,10,11,8376560.0,33.203,11.169,13.28,,,,,-0.013474291041933584,33.203,11.169
9/28/2018,379.23999,374.13,9,11,7114878.0,36.231,11.739,4.18,,,,,0.002211256482480849,36.231,11.739
9/27/2018,379.87,380.70999,9,11,7326246.0,36.869,11.945,24.78,,,,,0.0114831767445596,36.869,11.945
9/26/2018,373.59,377.88,9,11,13799728.0,36.594,11.856,29.47,,,,,-0.0021608729124903132,36.594,11.856
9/25/2018,370.23001,369.42999,9,11,6799816.0,35.775999999999996,11.591,20.75,,,,,0.029554289693593264,35.775999999999996,11.591
9/24/2018,359.0,369.60999,9,11,9322522.0,35.794000000000004,11.597000000000001,23.15,,,,,-0.014730352710112053,35.794000000000004,11.597000000000001
9/21/2018,366.59,361.19,9,11,11930568.0,34.978,11.333,20.01,,,,,-0.013233997373899601,34.978,11.333
9/20/2018,370.26001,365.35999,9,11,6768086.0,35.382,11.463,1.76,,,,,-0.01869239153115684,35.382,11.463
9/19/2018,373.95001,366.95999,9,11,11876841.0,35.537,11.514000000000001,1.32,,,,,0.03952831624032813,35.537,11.514000000000001
9/18/2018,353.67001,367.64999,9,11,10413981.0,35.604,11.535,-0.03,,,,,-0.038081351930152184,35.604,11.535
9/17/2018,364.22,350.35001,9,11,7071945.0,33.928000000000004,10.993,-20.63,,,,,-0.010826183986601052,33.928000000000004,10.993
9/14/2018,368.54999,364.56,9,11,4756426.0,35.305,11.437999999999999,-3.48,,,,,-0.010109999731117803,35.305,11.437999999999999
9/13/2018,371.91,368.14999,9,11,8366122.0,35.652,11.550999999999998,-0.34,,,,,0.030271862266677715,35.652,11.550999999999998
9/12/2018,359.07999,369.95001,9,11,10480769.0,35.827,11.607999999999999,5.37,,,,,0.032668870726524725,35.827,11.607999999999999
9/11/2018,344.67001,355.92999,9,11,6198063.0,34.469,11.168,-2.89,,,,,-0.010957476110865935,34.469,11.168
9/10/2018,352.26999,348.41,9,11,5752184.0,33.741,10.932,9.24,,,,,0.018936235565860896,33.741,10.932
9/7/2018,342.20001,348.67999,9,28,9105817.0,33.766999999999996,10.94,4.24,,,,,-0.0028206596822472744,33.766999999999996,10.94
9/6/2018,347.44,346.45999,9,28,13050156.0,33.552,10.87,8.44,,,,,-0.052277805555555626,33.552,10.87
9/5/2018,360.0,341.17999,9,28,13092847.0,33.04,10.705,13.45,,,,,-0.007831445957377219,33.04,10.705
9/4/2018,366.47,363.60001,9,28,7605161.0,35.211999999999996,11.408,46.82,,,,,-0.00803973992338005,35.211999999999996,11.408
8/31/2018,370.66,367.67999,8,22,7943443.0,35.607,11.536,41.28,,,,,0.01638358904109587,35.607,11.536
8/30/2018,365.0,370.98001,8,22,10981013.0,35.926,11.64,33.49,,,,,0.0022875816370483623,35.926,11.64
8/29/2018,367.20001,368.04001,8,22,8118734.0,35.641999999999996,11.548,26.73,,,,,0.003431037675815178,35.641999999999996,11.548
8/28/2018,367.23001,368.48999,8,22,9222617.0,35.685,11.562000000000001,22.62,,,,,-0.006999864006533115,35.685,11.562000000000001
8/27/2018,367.14999,364.57999,8,22,17427304.0,35.306,11.439,15.22,,,,,0.03705205202312146,35.306,11.439
8/24/2018,346.0,358.82001,8,45,14729137.0,34.749,11.258,11.21,,,,,-0.02568148072969693,34.749,11.258
8/23/2018,348.10999,339.17001,8,45,11336425.0,32.846,10.642000000000001,-12.66,,,,,0.017578097361165747,32.846,10.642000000000001
8/22/2018,338.48999,344.44,8,45,8930669.0,33.356,10.807,-6.48,,,,,0.02120842900302117,33.356,10.807
8/21/2018,331.0,338.01999,8,45,14783246.0,32.734,10.606,-5.07,,,,,0.04160310063554846,32.734,10.606
8/20/2018,314.64001,327.73001,8,45,13591100.0,31.738000000000003,10.283,-16.77,,,,,-0.006990407605078128,31.738000000000003,10.283
8/17/2018,319.01001,316.78,8,34,10407908.0,30.677,9.939,-21.6,,,,,-0.02261288337717138,30.677,9.939
8/16/2018,329.89999,322.44,8,34,6689733.0,31.226,10.117,-15.01,,,,,-0.022842289614705177,31.226,10.117
8/15/2018,334.03,326.39999,8,34,11784485.0,31.609,10.241,-8.56,,,,,-0.013446783010318916,31.609,10.241
8/14/2018,342.09,337.48999,8,34,5805182.0,32.683,10.589,-17.72,,,,,0.004177792692406535,32.683,10.589
8/13/2018,339.89001,341.31,8,34,6893649.0,33.053000000000004,10.709000000000001,-21.78,,,,,-0.002997895707820531,33.053000000000004,10.709000000000001
8/10/2018,346.91,345.87,8,11,4337481.0,33.495,10.852,-17.0,,,,,0.004023451087005656,33.495,10.852
8/9/2018,347.95999,349.35999,8,11,4820313.0,33.833,10.960999999999999,-7.96,,,,,-0.013060390478986762,33.833,10.960999999999999
8/8/2018,352.20999,347.60999,8,11,5402465.0,33.663000000000004,10.907,-15.05,,,,,-0.003963479773420112,33.663000000000004,10.907
8/7/2018,353.23001,351.82999,8,11,7970930.0,34.071999999999996,11.039000000000001,-9.22,,,,,0.023478315396505925,34.071999999999996,11.039000000000001
8/6/2018,342.87,350.92001,8,11,8198076.0,33.984,11.01,-13.31,,,,,-0.01340043134435665,33.984,11.01
8/3/2018,347.75,343.09,8,22,8848367.0,33.225,10.765,-32.04,,,,,0.021557956837827116,33.225,10.765
8/2/2018,337.23001,344.5,8,22,7131328.0,33.361999999999995,10.809000000000001,-34.98,,,,,0.007473129484621999,33.361999999999995,10.809000000000001
8/1/2018,335.87,338.38,8,22,7790477.0,32.769,10.617,-62.1,,,,,0.017918010982534125,32.769,10.617
7/31/2018,331.51001,337.45001,7,22,14085369.0,32.679,10.588,-58.35,,,,,-0.04821981781092305,32.679,10.588
7/30/2018,351.92999,334.95999,7,22,18260710.0,32.438,10.51,-78.54,,,,,-0.03172964340385323,32.438,10.51
7/27/2018,366.85001,355.20999,7,29,8949491.0,34.399,11.145,-63.44,,,,,0.01367989056087545,34.399,11.145
7/26/2018,358.19,363.09,7,29,6993684.0,35.162,11.392000000000001,-52.54,,,,,0.014822244180936705,35.162,11.392000000000001
7/25/2018,357.57001,362.87,7,29,8516248.0,35.141,11.385,-56.1,,,,,-0.02621679293617478,35.141,11.385
7/24/2018,366.94,357.32001,7,29,12851457.0,34.603,11.210999999999999,-50.93,,,,,0.009773103432357112,34.603,11.210999999999999
7/23/2018,359.14999,362.66,7,29,11505232.0,35.121,11.379000000000001,-35.73,,,,,-0.010605118639561616,35.121,11.379000000000001
7/20/2018,364.92001,361.04999,7,98,15113740.0,34.965,11.328,-33.405,,,,,-0.01840669972511187,34.965,11.328
7/19/2018,371.06,364.23001,7,98,16878680.0,35.273,11.427999999999999,-26.29,,,,,-0.016026624069526343,35.273,11.427999999999999
7/18/2018,381.23999,375.13,7,98,21746266.0,36.328,11.77,-23.05,,,,,0.09375990506528584,36.328,11.77
7/17/2018,346.95001,379.48001,7,98,58410360.0,36.749,11.907,-11.95,,,,,0.003759586852484163,36.749,11.907
7/16/2018,398.98001,400.48001,7,98,22959984.0,38.783,12.565,5.06,,,,,-0.03272320926708868,38.783,12.565
7/13/2018,409.19,395.79999,7,79,15747266.0,38.33,12.419,5.41,,,,,-0.003998458425667273,38.33,12.419
7/12/2018,415.16,413.5,7,79,12743273.0,40.044000000000004,12.974,14.11,,,,,0.01777116254193618,40.044000000000004,12.974
7/11/2018,411.34,418.64999,7,79,9713904.0,40.543,13.136,34.17,,,,,-0.0038586665674111968,40.543,13.136
7/10/2018,417.23999,415.63,7,79,9382944.0,40.25,13.040999999999999,4.54,,,,,0.007260463823525349,40.25,13.040999999999999
7/9/2018,415.95001,418.97,7,79,11127477.0,40.574,13.145999999999999,3.53,,,,,0.027173203492937337,40.574,13.145999999999999
7/6/2018,397.45001,408.25,7,24,8629606.0,39.536,12.809000000000001,-8.51,,,,,0.011655713856163477,39.536,12.809000000000001
7/5/2018,393.79999,398.39001,7,24,8448937.0,38.580999999999996,12.5,-6.59,,,,,-0.0224536289382369,38.580999999999996,12.5
7/3/2018,399.48999,390.51999,7,24,5280344.0,37.819,12.253,-1.46,,,,,0.03302628011347037,37.819,12.253
7/2/2018,385.45001,398.17999,7,24,8142457.0,38.56,12.493,5.31,,,,,-0.01943938976427271,38.56,12.493
6/29/2018,399.19,391.42999,6,17,9252511.0,42.315,13.337,11.5,,,,,0.0010633164556961788,42.315,13.337
6/28/2018,395.0,395.42001,6,17,12219888.0,42.747,13.472999999999999,31.59,,,,,-0.04212874178035132,42.747,13.472999999999999
6/27/2018,407.56,390.39001,6,17,16541426.0,42.203,13.300999999999998,28.94,,,,,0.015536030309194582,42.203,13.300999999999998
6/26/2018,393.28,399.39001,6,17,15191157.0,43.176,13.607999999999999,38.82,,,,,-0.04993943512318072,43.176,13.607999999999999
6/25/2018,404.69,384.48001,6,17,22490922.0,41.56399999999999,13.1,23.08,,,,,-0.02116769795781462,41.56399999999999,13.1
6/22/2018,419.98000999999994,411.09,6,23,10428621.0,44.441,14.007,43.64,,,,,-0.014096539940196492,44.441,14.007
6/21/2018,421.38,415.44,6,23,18389936.0,44.911,14.155,49.64,,,,,0.003878164612264642,44.911,14.155
6/20/2018,415.14999,416.76001,6,23,16494572.0,45.053000000000004,14.2,54.95,,,,,0.039743286264441575,45.053000000000004,14.2
6/19/2018,389.5,404.98001,6,23,16697104.0,43.78,13.799000000000001,45.05,,,,,0.0069121788919838415,43.78,13.799000000000001
6/18/2018,387.72,390.39999,6,23,6824794.0,42.20399999999999,13.302,38.8,,,,,0.0032505439648471443,42.20399999999999,13.302
6/15/2018,390.70999,391.98001,6,22,13588114.0,42.375,13.356,38.44,,,,,0.022380123933175206,42.375,13.356
6/14/2018,384.26999,392.87,6,22,14598333.0,42.471000000000004,13.386,43.14,,,,,0.03373871520692189,42.471000000000004,13.386
6/13/2018,367.53,379.92999,6,22,18222800.0,41.071999999999996,12.945,29.42,,,,,0.0006325082334293991,41.071999999999996,12.945
6/12/2018,363.60001,363.82999,6,22,4290969.0,39.332,12.397,12.54,,,,,-0.0011882115618436367,39.332,12.397
6/11/2018,361.88,361.45001,6,22,4432445.0,39.074,12.315,12.16,,,,,0.007010026252583429,39.074,12.315
6/8/2018,358.06,360.57001,6,11,5225736.0,38.979,12.285,15.85,,,,,-0.019373798790530212,38.979,12.285
6/7/2018,368.54001,361.39999,6,11,8278040.0,39.069,12.314,29.78,,,,,-0.0008972483549947048,39.069,12.314
6/6/2018,367.78,367.45001,6,11,7712302.0,39.723,12.52,35.63,,,,,0.006825883330785868,39.723,12.52
6/5/2018,363.32001,365.79999,6,11,8358045.0,39.544000000000004,12.464,41.62,,,,,-0.0023987813609457004,39.544000000000004,12.464
6/4/2018,362.67999,361.81,6,11,7681995.0,39.113,12.328,36.59,,,,,0.017096162540974284,39.113,12.328
6/1/2018,353.88,359.92999,6,0,7112292.0,38.91,12.264000000000001,31.74,,,,,-0.00621814602086332,38.91,12.264000000000001
5/31/2018,353.79999,351.60001,5,0,6921687.0,38.009,11.98,25.47,,,,,0.003320401850327754,38.009,11.98
5/30/2018,352.37,353.54001,5,0,5685531.0,38.219,12.046,25.01,,,,,-0.005035533428165027,38.219,12.046
5/29/2018,351.5,349.73001,5,0,9717921.0,37.806999999999995,11.915999999999999,23.27,,,,,0.003972620862321238,37.806999999999995,11.915999999999999
5/25/2018,349.89999,351.29001,5,22,7817400.0,37.976,11.969000000000001,20.99,,,,,0.014375355753034851,37.976,11.969000000000001
5/24/2018,344.34,349.29001,5,22,14758553.0,37.76,11.901,22.4,,,,,0.04765374885564838,37.76,11.901
5/23/2018,329.04001,344.72,5,22,10049147.0,37.266,11.745,18.46,,,,,-0.007274330407852954,37.266,11.745
5/22/2018,334.04999,331.62,5,22,5964448.0,35.849000000000004,11.299000000000001,11.53,,,,,0.014398887664666075,35.849000000000004,11.299000000000001
5/21/2018,327.10999,331.82001,5,22,6657326.0,35.871,11.306,20.13,,,,,-0.0022160665502021937,35.871,11.306
5/18/2018,324.89999,324.17999,5,11,3577717.0,35.045,11.046,10.82,,,,,-0.007052789057490751,35.045,11.046
5/17/2018,327.53,325.22,5,11,4935708.0,35.158,11.081,11.92,,,,,0.005853867843570017,35.158,11.081
5/16/2018,326.28,328.19,5,11,3671690.0,35.479,11.182,15.73,,,,,0.000582929373504319,35.479,11.182
5/15/2018,325.94,326.13,5,11,4746096.0,35.256,11.112,14.37,,,,,0.003911382734912063,35.256,11.112
5/14/2018,327.25,328.53,5,11,4089800.0,35.515,11.194,14.55,,,,,-0.00967693037090642,35.515,11.194
5/11/2018,329.64999,326.45999,5,0,4589731.0,35.292,11.123,20.7,,,,,-0.005731493212669691,35.292,11.123
5/10/2018,331.5,329.60001,5,0,5302254.0,35.631,11.23,22.58,,,,,0.00459253612967129,35.631,11.23
5/9/2018,328.79001,330.29999,5,0,5633444.0,35.707,11.254000000000001,11.61,,,,,0.003037803100270164,35.707,11.254000000000001
5/8/2018,325.89999,326.89001,5,0,4735738.0,35.338,11.138,-0.88,,,,,0.013261343931841004,35.338,11.138
5/7/2018,321.98999,326.26001,5,0,7117823.0,35.27,11.116,-6.44,,,,,0.036863108965148716,35.27,11.116
5/4/2018,308.70999,320.09,5,11,8209513.0,34.603,10.905999999999999,-14.43,,,,,-0.00287917079880987,34.603,10.905999999999999
5/3/2018,312.59,311.69,5,11,6135828.0,33.695,10.62,-24.37,,,,,0.005486924610522142,33.695,10.62
5/2/2018,311.64999,313.35999,5,11,5697120.0,33.875,10.677,5.58,,,,,0.009472870520455931,33.875,10.677
5/1/2018,310.35999,313.29999,5,11,6036639.0,33.869,10.675,1.65,,,,,0.004468383178436198,33.869,10.675
4/30/2018,311.07001,312.45999,4,11,6088787.0,33.778,10.645999999999999,3.21,,,,,-0.014197596837944594,33.778,10.645999999999999
4/27/2018,316.25,311.76001,4,22,7074384.0,33.703,10.622,8.09,,,,,0.012838741935483847,33.703,10.622
4/26/2018,310.0,313.98001,4,22,9266699.0,33.943000000000005,10.698,15.91,,,,,-0.001991023925319,33.943000000000005,10.698
4/25/2018,306.37,305.76001,4,22,14919698.0,33.054,10.418,15.83,,,,,-0.03821818808345348,33.054,10.418
4/24/2018,319.22,307.01999,4,22,13893217.0,33.19,10.460999999999999,18.17,,,,,-0.03177879482846104,33.19,10.460999999999999
4/23/2018,329.14999,318.69,4,22,8968015.0,34.452,10.857999999999999,24.72,,,,,-0.013394768526879838,34.452,10.857999999999999
4/20/2018,332.22,327.76999,4,37,9158655.0,35.433,11.168,38.83,,,,,-0.0005407053592885582,35.433,11.168
4/19/2018,332.88,332.70001,4,37,8438825.0,35.966,11.335999999999999,49.03,,,,,-0.005292893407460324,35.966,11.335999999999999
4/18/2018,336.29999,334.51999,4,37,11221139.0,36.163000000000004,11.398,54.23,,,,,0.019413941636837885,36.163000000000004,11.398
4/17/2018,329.66,336.06,4,37,33866456.0,36.329,11.45,48.24,,,,,-0.025981804043855965,36.329,11.45
4/16/2018,315.98999,307.78,4,37,20307920.0,33.272,10.487,12.43,,,,,-0.017775599048958375,33.272,10.487
4/13/2018,317.29001,311.64999,4,32,12046573.0,33.691,10.619000000000002,25.88,,,,,-0.0015174996771278163,33.691,10.619000000000002
4/12/2018,309.72,309.25,4,32,10249403.0,33.431,10.537,8.56,,,,,0.002608326730058093,33.431,10.537
4/11/2018,302.88,303.67001,4,32,14877429.0,32.828,10.347000000000001,-16.68,,,,,0.0013101989152849997,32.828,10.347000000000001
4/10/2018,297.67999,298.07001,4,32,10719097.0,32.223,10.156,-2.87,,,,,-0.006306337399538698,32.223,10.156
4/9/2018,291.76999,289.92999,4,32,9853564.0,31.343000000000004,9.879,-16.77,,,,,-0.0008647526508214233,31.343000000000004,9.879
4/6/2018,289.10001,288.85001,4,16,11444777.0,31.226,9.842,-27.63,,,,,0.002797237004852106,31.226,9.842
4/5/2018,293.14999,293.97,4,16,10655178.0,31.779,10.016,-23.53,,,,,0.055951467309871,31.779,10.016
4/4/2018,273.63,288.94,4,16,12913978.0,31.236,9.845,-24.54,,,,,-0.006235767867025226,31.236,9.845
4/3/2018,285.45001,283.67001,4,16,12694862.0,30.666,9.665,-34.78,,,,,-0.039905425772419,30.666,9.665
4/2/2018,291.94,280.29001,4,16,13405760.0,30.3,9.55,-40.8,,,,,0.02909411149825783,30.3,9.55
3/29/2018,287.0,295.35001,3,17,19145522.0,35.735,10.947000000000001,-20.53,,,,,-0.04229370815732072,35.735,10.947000000000001
3/28/2018,298.39001,285.76999,3,17,18972912.0,34.576,10.592,-35.53,,,,,-0.06759896640512775,34.576,10.592
3/27/2018,322.48999,300.69,3,17,12068632.0,36.381,11.145,-30.75,,,,,0.035525020543218974,36.381,11.145
3/26/2018,309.35999,320.35001,3,17,11988274.0,38.76,11.874,3.35,,,,,-0.021046810448586667,38.76,11.874
3/23/2018,307.41,300.94,3,0,9529948.0,36.412,11.154000000000002,-20.22,,,,,-0.020346886627690734,36.412,11.154000000000002
3/22/2018,313.07001,306.70001,3,0,8063305.0,37.109,11.368,-18.52,,,,,0.0004109372400525464,37.109,11.368
3/21/2018,316.35001,316.48001,3,0,5263911.0,38.292,11.73,1.48,,,,,0.01353505032448916,38.292,11.73
3/20/2018,313.26001,317.5,3,0,5991945.0,38.415,11.767999999999999,16.45,,,,,-0.007346358687345072,38.415,11.767999999999999
3/19/2018,315.79999,313.48001,3,0,9925162.0,37.929,11.619000000000002,23.09,,,,,-0.00924024611908876,37.929,11.619000000000002
3/16/2018,321.42001,318.45001,3,11,7333734.0,38.53,11.802999999999999,27.07,,,,,-0.006436271732021223,38.53,11.802999999999999
3/15/2018,323.17001,321.09,3,11,5642883.0,38.85,11.901,30.48,,,,,0.010654984913251052,38.85,11.901
3/14/2018,318.16,321.54999,3,11,10475073.0,38.905,11.918,27.39,,,,,-0.024670392441411705,38.905,11.918
3/13/2018,323.87,315.88,3,11,12917224.0,38.219,11.708,29.95,,,,,-0.03675503657512898,38.219,11.708
3/12/2018,333.56,321.29999,3,11,20369152.0,38.875,11.909,43.16,,,,,0.03146301408094523,38.875,11.909
3/9/2018,321.32999,331.44,3,21,14500219.0,40.102,12.285,50.4,,,,,-0.016139074607725866,40.102,12.285
3/8/2018,322.20001,317.0,3,21,11340066.0,38.355,11.75,38.45,,,,,0.0036250000000000782,38.355,11.75
3/7/2018,320.0,321.16,3,21,17132222.0,38.858000000000004,11.904000000000002,42.625,,,,,0.016693760160060123,38.858000000000004,11.904000000000002
3/6/2018,319.88,325.22,3,21,18525844.0,39.349000000000004,12.054,46.7,,,,,0.04011883638372672,39.349000000000004,12.054
3/5/2018,302.85001,315.0,3,21,18986100.0,38.113,11.675999999999998,34.73,,,,,0.05761461646283556,38.113,11.675999999999998
3/2/2018,284.64999,301.04999,3,11,13345313.0,36.425,11.158,35.05,,,,,-0.008061451750640417,36.425,11.158
3/1/2018,292.75,290.39001,3,11,11932051.0,35.135,10.763,32.12,,,,,-0.0058683382508243585,35.135,10.763
2/28/2018,293.10001,291.38,2,11,7653454.0,35.255,10.8,33.43,,,,,-0.014112698514526614,35.255,10.8
2/27/2018,294.76999,290.60999,2,11,9416489.0,35.162,10.772,41.14,,,,,0.01873593073593082,35.162,10.772
2/26/2018,288.75,294.16,2,11,10268633.0,35.591,10.902999999999999,44.06,,,,,0.017544448398576426,35.591,10.902999999999999
2/23/2018,281.0,285.92999,2,0,7301809.0,34.596,10.597999999999999,21.37,,,,,-0.020219775961673868,34.596,10.597999999999999
2/22/2018,283.88,278.14001,2,0,8891535.0,33.653,10.309000000000001,12.42,,,,,-0.0036515757205100585,33.653,10.309000000000001
2/21/2018,282.07001,281.04001,2,0,9371121.0,34.004,10.417,26.78,,,,,0.0029163967349462435,34.004,10.417
2/20/2018,277.73999,278.54999,2,0,7769023.0,33.703,10.325,11.12,,,,,-0.0007534890125393598,33.703,10.325
2/16/2018,278.73001,278.51999,2,0,8312380.0,33.699,10.323,8.22,,,,,0.03792167536940353,33.699,10.323
2/15/2018,270.03,280.26999,2,0,10759667.0,33.911,10.388,1.47,,,,,0.021230851921526364,33.911,10.388
2/14/2018,260.47,266.0,2,0,10971985.0,32.184,9.859,-18.59,,,,,0.003808853674497552,32.184,9.859
2/13/2018,257.29001,258.26999,2,0,6855151.0,31.249000000000002,9.573,-16.33,,,,,0.02304279368604757,31.249000000000002,9.573
2/12/2018,252.14,257.95001,2,0,8534906.0,31.21,9.561,-11.75,,,,,-0.01725432273963668,31.21,9.561
2/9/2018,253.85001,249.47,2,11,16906942.0,30.184,9.247,-11.83,,,,,-0.0635763839889316,30.184,9.247
2/8/2018,267.07999,250.10001,2,11,9306701.0,30.26,9.27,-0.19,,,,,-0.0075774254474238936,30.26,9.27
2/7/2018,266.57999,264.56,2,11,8981548.0,32.01,9.806000000000001,36.98,,,,,0.07274929350020201,32.01,9.806000000000001
2/6/2018,247.7,265.72,2,11,12595801.0,32.15,9.849,45.26,,,,,-0.029542022900763406,32.15,9.849
2/5/2018,262.0,254.25999,2,11,11896053.0,30.764,9.424,33.93,,,,,0.016844068441064546,30.764,9.424
2/2/2018,263.0,267.42999,2,11,9123610.0,32.357,9.912,49.93,,,,,-0.005029803686047821,32.357,9.912
2/1/2018,266.41,265.07001,2,11,9669011.0,32.071999999999996,9.825,43.54,,,,,-0.0412854153365965,32.071999999999996,9.825
1/31/2018,281.94,270.29999,1,11,11695072.0,32.704,10.019,48.92,,,,,0.00649815884476527,32.704,10.019
1/30/2018,277.0,278.79999,1,11,12482852.0,33.733000000000004,10.334000000000001,57.57,,,,,0.037892011747191236,33.733000000000004,10.334000000000001
1/29/2018,274.20001,284.59,1,11,17529748.0,34.433,10.548,67.35,,,,,0.011492558881222985,34.433,10.548
1/26/2018,271.48001,274.60001,1,43,11021839.0,33.225,10.177999999999999,62.08,,,,,0.025475323193916426,33.225,10.177999999999999
1/25/2018,263.0,269.70001,1,43,15336378.0,32.632,9.996,60.39,,,,,0.04153376116071422,32.632,9.996
1/24/2018,250.88,261.29999,1,43,17352448.0,31.616,9.685,49.25,,,,,-0.01866304646147823,31.616,9.685
1/23/2018,255.05,250.28999,1,43,27705332.0,30.283,9.277000000000001,,,,,,0.02513513513513519,30.283,9.277000000000001
1/22/2018,222.0,227.58,1,43,17703292.0,27.535999999999998,8.435,,,,,,-0.010280538720538671,27.535999999999998,8.435
1/19/2018,222.75,220.46001,1,0,10548567.0,26.674,8.171,,,,,,-4.5384405918085255e-05,26.674,8.171
1/18/2018,220.34,220.33,1,0,8225339.0,26.658,8.167,,,,,,-0.01583710407239819,26.658,8.167
1/17/2018,221.0,217.5,1,0,9123056.0,26.316,8.062000000000001,,,,,,-0.012085309842788586,26.316,8.062000000000001
1/16/2018,224.24001,221.53,1,0,13516067.0,26.804000000000002,8.211,,,,,,0.018648172881857054,26.804000000000002,8.211
1/12/2018,217.17999,221.23,1,0,8199423.0,26.767,8.2,,,,,,0.013766485312729837,26.767,8.2
1/11/2018,214.28999,217.24001,1,0,7659485.0,26.285,8.052,,,,,,0.023847327463153344,26.285,8.052
1/10/2018,207.57001,212.52,1,0,5951486.0,25.713,7.877000000000001,,,,,,-0.0132006977511669,25.713,7.877000000000001
1/9/2018,212.11,209.31,1,0,6125855.0,25.325,7.757999999999999,,,,,,0.009665746119417203,25.325,7.757999999999999
1/8/2018,210.02,212.05,1,0,5580178.0,25.656999999999996,7.86,,,,,,,,
