,Netflix Inc,,,,
Date,Open,High,Low,Close,Volume
12/31/2019,322,324.92001,321.09,323.57001,3714837
12/30/2019,329.07999,329.17999,322.85999,323.31,4315267
12/27/2019,332.95999,333.82001,326.01001,329.09,5037156
12/26/2019,334.60001,336.45999,332.01001,332.63,3595854
12/25/2019,,,,,
12/24/2019,334.01001,335.70001,331.60001,333.20001,2019322
12/23/2019,337.76001,337.95001,331.01999,333.10001,5767937
12/20/2019,335,338,330.60001,336.89999,9923260
12/19/2019,324.5,332.82999,324.17999,332.22,9833355
12/18/2019,316.26001,325.35999,315.60001,320.79999,11210737
12/17/2019,307.35999,316.79999,306.60001,315.48001,10437127
12/16/2019,300.85001,305.70999,298.63,304.20999,4660166
12/13/2019,298.5,301.79999,297.25,298.5,3883069
12/12/2019,295.67001,299.17001,295.06,298.44,4771404
12/11/2019,294.48999,299.42999,294.20001,298.92999,5607155
12/10/2019,296.12,298.94,292.01999,293.12,10481239
12/9/2019,307.35001,311.48999,302.44,302.5,5766006
12/6/2019,304.70001,307.85001,302.60001,307.35001,4459684
12/5/2019,305.26999,306.48001,298.81,302.85999,4618867
12/4/2019,308.42999,308.42999,303.26999,304.32001,3513551
12/3/2019,302.22,307.35999,301.88,306.16,5272447
12/2/2019,314.39001,314.39001,303.75,309.98999,6223135
11/29/2019,315.78,316.62,313.34,314.66,2411749
11/28/2019,,,,,
11/27/2019,313.92999,316.82001,312.75,315.92999,4100975
11/26/2019,315,316.5,311.69,312.48999,5328348
11/25/2019,308.82999,315.73001,305.25,315.54999,7878943
11/22/2019,309.10001,311.39999,304.41,310.48001,5970056
11/21/2019,306,312.69,304.26001,311.69,7488373
11/20/2019,301.01001,308.25,301,305.16,5115546
11/19/2019,304.01001,305.67001,298.51999,302.60001,5919710
11/18/2019,296,304.98999,293.28,302.57001,8621566
11/15/2019,290.59,295.82001,287.57001,295.03,6337779
11/14/2019,283.25,290.63,283.22,289.62,6539771
11/13/2019,291.03,293.41,281.14001,283.10999,9233066
11/12/2019,295.32001,295.35001,288.70001,292.01001,5774833
11/11/2019,289.16,296.35999,288.5,294.17999,3945885
11/8/2019,288.73001,293.98999,287.51001,291.57001,4509588
11/7/2019,290.70001,298.19,288.26999,289.57001,5928471
11/6/2019,288.19,290.56,285.84,288.59,3438257
11/5/2019,289.98999,291.19,286.31,288.03,4062370
11/4/2019,288,295.39001,287.16,292.85999,5566213
11/1/2019,288.70001,289.12,283.01999,286.81,5594293
10/31/2019,291,291.45001,284.78,287.41,5090021
10/30/2019,284.34,293.48999,283,291.45001,9345562
10/29/2019,281.87,284.41,277.54999,281.20999,4356181
10/28/2019,278.04999,285.75,277.35001,281.85999,6248433
10/25/2019,270.67999,277.76999,270.17999,276.82001,4747829
10/24/2019,271.81,274.01999,268.79999,271.5,4911033
10/23/2019,268.06,273.92001,266.63,271.26999,7154430
10/22/2019,271.16,275.41,265.79999,266.69,11865593
10/21/2019,272.89001,279.94,269,278.04999,12633959
10/18/2019,289.35999,290.89999,273.35999,275.29999,23449638
10/17/2019,304.48999,308.75,288.29999,293.35001,38462344
10/16/2019,283.12,288.17001,280.73999,286.28,18413336
10/15/2019,283.82001,285.87,279.39999,284.25,7728161
10/14/2019,283.92999,286.92999,282,285.53,5543120
10/11/2019,284.79999,287.87,275.89001,282.92999,8817301
10/10/2019,265.97,280.53,265.03,280.48001,10961191
10/9/2019,270.01999,271,264.57001,267.53,6843488
10/8/2019,273.03,275.53,270.64001,270.72,6302269
10/7/2019,271.98999,276.67999,271.28,274.45999,6796811
10/4/2019,268.20001,275.48001,266.47,272.79001,9992774
10/3/2019,267.78,268.84,257.01001,268.14999,9068810
10/2/2019,263.60999,269.35001,262.19,268.03,7773299
10/1/2019,267.35001,272.20001,264.03,269.57999,8786284
9/30/2019,264,268.88,262.78,267.62,6823100
9/27/2019,266.17001,267.44,260.39001,263.07999,7367491
9/26/2019,266.42001,268.04999,260.20001,263.31,7696858
9/25/2019,255.71001,266.60001,253.7,264.75,11846748
9/24/2019,262.5,265,252.28,254.59,16392808
9/23/2019,268.35001,273.39001,261.89001,265.92001,13610294
9/20/2019,280.26001,282.5,266,270.75,23954192
9/19/2019,291.56,293.81,283.39999,286.60001,8545761
9/18/2019,294.98999,296.04999,287.45001,291.56,7841539
9/17/2019,294.5,299.14999,291.79001,298.60001,4817119
9/16/2019,294.23001,297.42999,289.78,294.29001,5307386
9/13/2019,290.60999,296.62,290.04001,294.14999,6583124
9/12/2019,288.10001,292.73001,286.60001,288.85999,5010927
9/11/2019,285.70001,292.64999,284.60999,288.26999,7405949
9/10/2019,291.16,297.17001,282.66,287.98999,12320248
9/9/2019,294.81,301.54999,290.60001,294.34,8232744
9/6/2019,293.35001,293.35001,287.03,290.17001,5166556
9/5/2019,285.32001,293.97,282.79001,293.25,8972356
9/4/2019,291.25,292.38,286.51001,291.51999,4653665
9/3/2019,290.82001,293.89999,288.06,289.29001,3684177
9/2/2019,,,,,
8/30/2019,298.78,298.94,290.85001,293.75,4447990
8/29/2019,295,299.92999,294.98999,296.78,4392532
8/28/2019,289.47,292.82001,287.75,291.76999,3958043
8/27/2019,294.54001,296.76999,287.20001,291.03,6314559
8/26/2019,295.23999,296.95001,292.5,294.98001,4696982
8/23/2019,295,299.01001,290.32001,291.44,6331189
8/22/2019,298.64999,300.32999,293.14999,296.92999,4977042
8/21/2019,301.60999,302.88,296.20001,297.81,5689746
8/20/2019,304.57001,305,297.67999,298.98999,7352162
8/19/2019,306.25,311.75,304.75,309.38,4951733
8/16/2019,298.85999,303.54999,296.26999,302.79999,7090757
8/15/2019,299.5,300.63,288,295.76001,9683384
8/14/2019,308.01001,308.41,298.01001,299.10999,7355753
8/13/2019,309.76999,316.42999,308.16,312.28,5338761
8/12/2019,305.45999,312.89001,303.23999,310.82999,6531722
8/9/2019,313.73999,316.64001,305.67999,308.92999,5349059
8/8/2019,311.03,316.35999,306.63,315.89999,5905865
8/7/2019,302.56,305,296.81,304.29001,9322433
8/6/2019,310.57999,311.88,305.29999,310.10001,6179090
8/5/2019,310.95999,313.42001,304.67999,307.63,8692485
8/2/2019,317.48999,319.41,311.79999,318.82999,6280343
8/1/2019,324.25,328.57999,318.73001,319.5,6563156
7/31/2019,325.16,331.76999,318.53,322.98999,6259494
7/30/2019,329.20001,329.64999,323.23001,325.92999,6029320
7/29/2019,335.98001,336.39999,328.76999,332.70001,5782817
7/26/2019,328.79001,336,327.5,335.78,10847495
7/25/2019,318.85999,327.69,316.29999,326.45999,10798496
7/24/2019,310.51001,319.98999,307.25,317.94,11961818
7/23/2019,311.44,313.5,306,307.29999,9171068
7/22/2019,312,314.54001,305.81,310.62,17725334
7/19/2019,323.39999,325.85001,314.23001,315.10001,16302482
7/18/2019,323.76001,329.85001,320.29999,325.20999,31305900
7/17/2019,366.25,366.5,361.75,362.44,13639536
7/16/2019,370.09,371.34,364.92001,365.98999,5863222
7/15/2019,372.94,373.67999,362.29999,366.60001,7944680
7/12/2019,378.67999,379.73999,372.79001,373.25,6636937
7/11/2019,381.10001,384.54001,378.79999,379.5,4336287
7/10/2019,382.76999,384.34,377.39999,381,5878790
7/9/2019,379.06,384.76001,377.5,379.92999,6932822
7/8/2019,378.19,378.25,375.35999,376.16,3113402
7/5/2019,378.29001,381.39999,375.54999,380.54999,3732162
7/4/2019,,,,,
7/3/2019,376.69,381.98999,375.84,381.72,3799009
7/2/2019,374.89001,376,370.31,375.42999,3628962
7/1/2019,373.5,376.66,372,374.60001,5001518
6/28/2019,370.26001,371.54001,364.87,367.32001,4592706
6/27/2019,363.20001,370.85001,363.20001,370.01999,4138575
6/26/2019,361.60001,366.79001,361.60001,362.20001,3669677
6/25/2019,370.75,371,358.29001,360.29999,5750383
6/24/2019,370.26999,375,370.20001,371.04001,4830240
6/21/2019,365,371.45001,365,369.20999,7448356
6/20/2019,365.91,370.12,361.20999,365.20999,5899467
6/19/2019,361.72,364.73999,356.12,363.51999,5667156
6/18/2019,355.57001,361.5,353.75,357.12,5428542
6/17/2019,342.69,351.76999,342.06,350.62,5358219
6/14/2019,341.63,343.39999,336.14999,339.73001,5019011
6/13/2019,347.23001,348.5,339.25,343.42999,6209347
6/12/2019,351.82001,353.60999,343.23001,345.56,4584704
6/11/2019,355,357.57999,348.5,351.26999,5396712
6/10/2019,363.64999,367.10001,349.29001,352.01001,7810261
6/7/2019,357.39001,365.14999,355.69,360.87,4777321
6/6/2019,354.84,358.20999,352.09,357.13,3709955
6/5/2019,354.38,357.88,348.70999,355.73001,5020081
6/4/2019,345,353.60999,343.25,353.39999,7891632
6/3/2019,343.56,347.66,332.64999,336.63,7849589
5/31/2019,347.22,349.34,342.92001,343.28,5023449
5/30/2019,350.54999,354.20999,348.29999,351.85001,4008042
5/29/2019,353.60001,353.85001,345.89999,349.19,5658913
5/28/2019,354.39001,361.20001,353.64001,354.78,4717144
5/27/2019,,,,,
5/24/2019,355.41,359.44,353.79001,354.39001,3830963
5/23/2019,355.5,357.42001,347.70001,352.20999,5630443
5/22/2019,358.01001,370.45999,357.29999,359.73001,6229389
5/21/2019,350.95001,356.42001,349.92999,354.26999,4026369
5/20/2019,351.23001,352.42001,345.39999,348.10999,4621515
5/17/2019,356.39001,359.62,353.79001,354.45001,4725448
5/16/2019,356.37,364,353.92999,359.31,6441463
5/15/2019,343.34,356.5,341.39001,354.98999,6340118
5/14/2019,348.70999,349.95001,342.5,345.60999,5353029
5/13/2019,352.29001,354.26001,343.10001,345.26001,8026697
5/10/2019,361.62,365.26001,353.06,361.04001,5657123
5/9/2019,360.89999,364.20001,352.75,362.75,5882572
5/8/2019,367.92001,369,361.35999,364.37,6571957
5/7/2019,377,379.91,365.81,370.45999,6974924
5/6/2019,377.69,381.35001,376,378.67001,5793144
5/3/2019,381.53,385.03,378.26999,385.03,5130301
5/2/2019,378,383.5,374.51001,379.06,5398167
5/1/2019,374,385.98999,373.17001,378.81,9257284
4/30/2019,369.56,374.5,368.35001,370.54001,3870095
4/29/2019,373.67999,374.57999,369.10999,371.82999,3821703
4/26/2019,368.35001,375.14001,366.23999,374.85001,5621901
4/25/2019,374.48999,374.76001,365.70001,368.32999,6255496
4/24/2019,381.07001,381.89999,373.26999,374.23001,6541872
4/23/2019,375.45001,384.79999,374.70999,381.89001,10089820
4/22/2019,359.70001,377.69,359,377.34,11980534
4/19/2019,,,,,
4/18/2019,355,360.41,351.64001,360.35001,8353165
4/17/2019,365.04999,368.76001,350.60001,354.73999,18054100
4/16/2019,355,364.48001,352.72,359.45999,18740232
4/15/2019,350.70999,352.20999,342.26999,348.87,8842344
4/12/2019,360.69,361.75,349.35999,351.14001,15646199
4/11/2019,365,370.12,360.81,367.64999,6526899
4/10/2019,365.79001,368.85001,362.25,363.92001,4545561
4/9/2019,360.54001,366.73999,359,364.70999,5439228
4/8/2019,365.10999,365.94,359.92999,361.41,4653810
4/5/2019,369,369.79999,364.66,365.48999,3905493
4/4/2019,370.07001,372.04999,362.39999,367.88,4627305
4/3/2019,369.26001,373.41,366.19,369.75,5376623
4/2/2019,366.25,368.42001,362.22,367.72,5158742
4/1/2019,359,368.32999,358.51001,366.95999,7036097
3/29/2019,357.16,358.25,353.70999,356.56,4705636
3/28/2019,354.48001,355.94,349.20001,354.60999,4360960
3/27/2019,361,362.47,350.37,353.37,7852370
3/26/2019,367.87,368.38,358.01999,359.97,7666475
3/25/2019,359,367.04001,357.44,366.23001,8473845
3/22/2019,375.95001,376.42999,360.04001,361.01001,8661346
3/21/2019,374,379,370.60999,377.87,8544017
3/20/2019,358.91,375.89999,357.01001,375.22,10917165
3/19/2019,366.39999,366.95999,356.79999,358.78,7541425
3/18/2019,362.47,370.97,361.85999,363.44,7194726
3/15/2019,361.01999,364,358.89001,361.45999,8443210
3/14/2019,360.5,363.84,358.10001,358.82001,5271429
3/13/2019,355.81,362.48001,352.76999,361.20999,6444092
3/12/2019,359.37,360.13,353.79999,356.26999,5164571
3/11/2019,352,358.98001,350.03,358.85999,5387285
3/8/2019,345.75,349.92001,342.47,349.60001,6898838
3/7/2019,360.16,362.85999,350.5,352.60001,6151331
3/6/2019,353.60001,359.88,351.70001,359.60999,6211895
3/5/2019,351.45999,356.17001,348.25,354.29999,5937754
3/4/2019,359.72,362.25,348.04001,351.04001,7486996
3/1/2019,362.26001,362.87,354.69,357.32001,5526539
2/28/2019,362.47,366.39001,357.70999,358.10001,6186763
2/27/2019,363.5,368.03,359.79999,362.87,5629945
2/26/2019,362.98001,365.70001,359.32999,364.97,4944593
2/25/2019,367.01001,371.48999,363.79001,363.91,7569320
2/22/2019,360.34,366.13,360.04999,363.01999,7088214
2/21/2019,360.03,362.85001,353.88,356.97,6227897
2/20/2019,364.85001,366.70999,356.70001,359.91,8110741
2/19/2019,355.79999,365,355.32001,361.92001,7396559
2/18/2019,,,,,
2/15/2019,358.47,364.39999,355.5,356.87,9229980
2/14/2019,351.75,360.45001,348.32999,359.07001,9295338
2/13/2019,357.29999,359.60001,350.28,351.76999,10559146
2/12/2019,348.09,360,346.51999,359.97,10429399
2/11/2019,350,352.87,344.81,345.73001,5454863
2/8/2019,338,348,338,347.57001,7561391
2/7/2019,347.89999,348.75,339.01999,344.70999,7864529
2/6/2019,357,357.04001,347.19,352.19,6717662
2/5/2019,353.20001,360,352.89999,355.81,9046623
2/4/2019,342.60001,352,341.29999,351.34,9051387
2/1/2019,337.17999,346.84,336.5,339.85001,9827760
1/31/2019,339.67999,345.98999,338.09,339.5,8535517
1/30/2019,332.75,341.78,330.79999,340.66,9234530
1/29/2019,335.87,338.22,328.14999,328.89999,7655189
1/28/2019,334.70001,336.29999,328.88,335.66,8652082
1/25/2019,328.72,340,328.51001,338.04999,11166609
1/24/2019,320.60001,331.79999,319,326.67001,11131627
1/23/2019,328.25,331.75,318.60001,321.98999,13480138
1/22/2019,334.89001,336.88,321.03,325.16,17941416
1/21/2019,,,,,
1/18/2019,351.97,353,336.73001,339.10001,26621040
1/17/2019,349.5,355.79001,346.41,353.19,18871196
1/16/2019,354,358.85001,348.10999,351.39001,15385548
1/15/2019,349.60001,357.22,347,354.64001,21181234
1/14/2019,334.23999,335.48001,329.13,332.94,10499582
1/11/2019,330.95999,341.09,328.51999,337.59,19500428
1/10/2019,314.57001,325.37,312.5,324.66,13472475
1/9/2019,317.70999,323.35001,313.5,319.95999,13343152
1/8/2019,319.98001,320.59,308.01001,320.26999,15359180
1/7/2019,302.10001,316.79999,301.64999,315.34,18620116
1/4/2019,281.88,297.79999,278.54001,297.57001,19330102
1/3/2019,270.20001,275.79001,264.42999,271.20001,14969647
1/2/2019,259.28,269.75,256.57999,267.66,11679528
1/1/2019,,,,,
12/31/2018,260.16,270.10001,260,267.66,13508920
12/28/2018,257.94,261.91,249.8,256.07999,10987286
12/27/2018,250.11,255.59,240.10001,255.57001,12235217
12/26/2018,233.92,254.5,231.23,253.67,14402735
12/25/2018,,,,,
12/24/2018,242,250.64999,233.67999,233.88,9547616
12/21/2018,263.82999,264.5,241.28999,246.39,21397596
12/20/2018,264.64001,269.89999,251.88,260.57999,16792928
12/19/2018,269.95999,280.87,263.76999,266.76999,13788448
12/18/2018,263.29999,275.75,263.29001,270.94,10350079
12/17/2018,266.51001,272.98001,261.07999,262.79999,9634734
12/14/2018,271.81,277.67001,265,266.84,9915319
12/13/2018,277.64001,279.32001,271.85001,276.01999,8379292
12/12/2018,267.66,281.76999,266.48001,274.88,11456716
12/11/2018,274.07999,274.5,262.76001,265.32001,9843199
12/10/2018,264.19,271.17999,260.60999,269.70001,9605553
12/7/2018,282.48001,284.20999,263.38,265.14001,12466711
12/6/2018,268.32999,283.22,267.14001,282.88,13074324
12/5/2018,,,,,
12/4/2018,288.13,295.73999,274.72,275.32999,12800586
12/3/2018,293.19,298.72,284.57999,290.29999,14117370
11/30/2018,288,290.81,283.06,286.13,11860117
11/29/2018,282.32001,290.48999,275.5,288.75,15431538
11/28/2018,271.98001,284,263.34,282.64999,14801333
11/27/2018,259.23999,269.07999,256.14001,266.63,11149501
11/26/2018,260.54999,266.25,253.8,261.42999,12498560
11/23/2018,260.10999,265.5,256.84,258.82001,5245123
11/22/2018,,,,,
11/21/2018,274.42001,275.34,261.51001,262.13,11023037
11/20/2018,254.63,276.34,250,266.98001,16693809
11/19/2018,283.79001,285.09,269.14999,270.60001,12993797
11/16/2018,287.14001,291.72,281,286.20999,9099485
11/15/2018,285.51001,292.5,282.16,290.06,9967098
11/14/2018,300.39999,301.84,278.29999,286.73001,16853574
11/13/2018,295,303.54999,289.10001,294.39999,12232162
11/12/2018,300,302.48999,290.63,294.07001,10924827
11/9/2018,311.07001,312.98001,298.01001,303.47,13480792
11/8/2018,328,332.04999,316.60999,317.92001,11023853
11/7/2018,312.89999,328.56,311,327.5,13328328
11/6/2018,314.76001,320.22,305.29999,310.84,9710424
11/5/2018,311.10001,317.53,303.73999,315.44,10283044
11/2/2018,318,321.88,308.32999,309.10001,13404646
11/1/2018,304.59,318.45001,296.67001,317.38,15121450
10/31/2018,297.76999,311.5,295.04999,301.78,20360342
10/30/2018,275.57001,290.51999,271.20999,285.81,23685702
10/29/2018,305.26001,307.89001,275.39999,284.84,21698840
10/26/2018,300.51001,313.98999,292.29999,299.82999,19616040
10/25/2018,307.12,319.94,305.25,312.87,13346921
10/24/2018,332.28,333,300.73001,301.82999,19039296
10/23/2018,318,336.57999,316.76999,333.16,14907326
10/22/2018,333.10001,335.79999,320.34,329.54001,17097176
10/19/2018,351,355.79999,332.20001,332.67001,16717233
10/18/2018,360.67001,362.20001,346.04999,346.70999,18461040
10/17/2018,378.32999,380,356.5,364.70001,32610948
10/16/2018,337.23999,347.95001,330.54999,346.39999,20156418
10/15/2018,337.63,339.20999,326.92999,333.13,11214956
10/12/2018,339.57001,341.29999,328.89999,339.56,14870830
10/11/2018,324.94,334.20001,315.81,321.10001,16082056
10/10/2018,353.51999,355.14999,325.39001,325.89001,17183120
10/9/2018,348.48001,358.72,347.09,355.70999,8754990
10/8/2018,345.17999,352.95001,338.10999,349.10001,12375496
10/5/2018,359.76999,363.5,343,351.35001,13522957
10/4/2018,375.88,375.92001,360.39999,363.64999,9074350
10/3/2018,378.53,380.92999,374.88,377.04999,5798605
10/2/2018,384.38,386.79999,373.82999,377.14001,8638717
10/1/2018,375.85001,386.10999,375.59,381.42999,8376560
9/28/2018,379.23999,380.79999,373.73001,374.13,7114878
9/27/2018,379.87,383.20001,376,380.70999,7326246
9/26/2018,373.59,382,370.88,377.88,13799728
9/25/2018,370.23001,371.34,364.48999,369.42999,6799816
9/24/2018,359,373.64001,354.32999,369.60999,9322522
9/21/2018,366.59,372.22,360.73999,361.19,11930568
9/20/2018,370.26001,370.26001,363.17001,365.35999,6768086
9/19/2018,373.95001,377.60999,359.17001,366.95999,11876841
9/18/2018,353.67001,368.14999,351.56,367.64999,10413981
9/17/2018,364.22,367.32999,349.57001,350.35001,7071945
9/14/2018,368.54999,371.09,363.45999,364.56,4756426
9/13/2018,371.91,374.09,366.84,368.14999,8366122
9/12/2018,359.07999,370.42999,356.23999,369.95001,10480769
9/11/2018,344.67001,356.14999,343.89999,355.92999,6198063
9/10/2018,352.26999,352.5,343.07999,348.41,5752184
9/7/2018,342.20001,355.75,341.25,348.67999,9105817
9/6/2018,347.44,356,341.98999,346.45999,13050156
9/5/2018,360,363.39001,335.82999,341.17999,13092847
9/4/2018,366.47,368.88,361.26001,363.60001,7605161
9/3/2018,,,,,
8/31/2018,370.66,376,367.07999,367.67999,7943443
8/30/2018,365,376.81,363.54001,370.98001,10981013
8/29/2018,367.20001,369.85999,362.91,368.04001,8118734
8/28/2018,367.23001,369.98999,360.38,368.48999,9222617
8/27/2018,367.14999,374.48999,360,364.57999,17427304
8/24/2018,346,359.14999,344.54001,358.82001,14729137
8/23/2018,348.10999,350.07999,337.64999,339.17001,11336425
8/22/2018,338.48999,346.20999,337.41,344.44,8930669
8/21/2018,331,341.5,329.70001,338.01999,14783246
8/20/2018,314.64001,331.60001,310.92999,327.73001,13591100
8/17/2018,319.01001,324.35999,312.95999,316.78,10407908
8/16/2018,329.89999,331.17001,321.20999,322.44,6689733
8/15/2018,334.03,335.5,321,326.39999,11784485
8/14/2018,342.09,342.41,336.25,337.48999,5805182
8/13/2018,339.89001,347.19,339.07001,341.31,6893649
8/10/2018,346.91,349.10001,344.42001,345.87,4337481
8/9/2018,347.95999,352.44,345.82001,349.35999,4820313
8/8/2018,352.20999,352.29001,346.60999,347.60999,5402465
8/7/2018,353.23001,357.31,349.01001,351.82999,7970930
8/6/2018,342.87,351.98001,341.73999,350.92001,8198076
8/3/2018,347.75,347.85999,338.48001,343.09,8848367
8/2/2018,337.23001,345,334.70999,344.5,7131328
8/1/2018,335.87,344.41,334.01999,338.38,7790477
7/31/2018,331.51001,342.5,328,337.45001,14085369
7/30/2018,351.92999,352.03,334.01999,334.95999,18260710
7/27/2018,366.85001,367,351.64999,355.20999,8949491
7/26/2018,358.19,365.54001,356.63,363.09,6993684
7/25/2018,357.57001,363.28,355.64999,362.87,8516248
7/24/2018,366.94,367.39999,354.56,357.32001,12851457
7/23/2018,359.14999,363.89999,353.60001,362.66,11505232
7/20/2018,364.92001,370.5,360.14001,361.04999,15113740
7/19/2018,371.06,375.75,363,364.23001,16878680
7/18/2018,381.23999,383.13,372.35999,375.13,21746266
7/17/2018,346.95001,385,344,379.48001,58410360
7/16/2018,398.98001,403.35999,391.75,400.48001,22959984
7/13/2018,409.19,410,395.07999,395.79999,15747266
7/12/2018,415.16,416.79001,407.79999,413.5,12743273
7/11/2018,411.34,419.76999,410.60001,418.64999,9713904
7/10/2018,417.23999,419.44,413.07999,415.63,9382944
7/9/2018,415.95001,419.12,411.10001,418.97,11127477
7/6/2018,397.45001,408.64999,395.51999,408.25,8629606
7/5/2018,393.79999,399.23999,390.85999,398.39001,8448937
7/4/2018,,,,,
7/3/2018,399.48999,399.98001,389.5,390.51999,5280344
7/2/2018,385.45001,398.38,380,398.17999,8142457
6/29/2018,399.19,401.32999,390.54999,391.42999,9252511
6/28/2018,395,396.89999,387.10001,395.42001,12219888
6/27/2018,407.56,411.59,390,390.39001,16541426
6/26/2018,393.28,404.78,389.04999,399.39001,15191157
6/25/2018,404.69,405.98999,378.75,384.48001,22490922
6/22/2018,419.98001,420.5,409.64999,411.09,10428621
6/21/2018,421.38,423.20999,406.37,415.44,18389936
6/20/2018,415.14999,419.47,409.60001,416.76001,16494572
6/19/2018,389.5,405.29001,388.5,404.98001,16697104
6/18/2018,387.72,393.16,386.5,390.39999,6824794
6/15/2018,390.70999,398.85999,387.51001,391.98001,13588114
6/14/2018,384.26999,395.03,383.25,392.87,14598333
6/13/2018,367.53,384.25,364.10999,379.92999,18222800
6/12/2018,363.60001,365.98001,362,363.82999,4290969
6/11/2018,361.88,365.67001,360.91,361.45001,4432445
6/8/2018,358.06,362.39001,356.25,360.57001,5225736
6/7/2018,368.54001,368.70001,357.79999,361.39999,8278040
6/6/2018,367.78,369.67999,363.32999,367.45001,7712302
6/5/2018,363.32001,369.82999,361.41,365.79999,8358045
6/4/2018,362.67999,363,355.51001,361.81,7681995
6/1/2018,353.88,359.98999,352.82001,359.92999,7112292
5/31/2018,353.79999,355.53,350.20999,351.60001,6921687
5/30/2018,352.37,354,349.26001,353.54001,5685531
5/29/2018,351.5,356.10001,346.70999,349.73001,9717921
5/28/2018,,,,,
5/25/2018,349.89999,354.35999,348.82999,351.29001,7817400
5/24/2018,344.34,354,341.12,349.29001,14758553
5/23/2018,329.04001,345,328.09,344.72,10049147
5/22/2018,334.04999,336.63,331.14999,331.62,5964448
5/21/2018,327.10999,331.88,325.45001,331.82001,6657326
5/18/2018,324.89999,326.42001,322.79999,324.17999,3577717
5/17/2018,327.53,330.45001,323.17001,325.22,4935708
5/16/2018,326.28,329.72,325.14001,328.19,3671690
5/15/2018,325.94,326.94,322.42999,326.13,4746096
5/14/2018,327.25,330.5,327.04001,328.53,4089800
5/11/2018,329.64999,331.26001,324.87,326.45999,4589731
5/10/2018,331.5,332.04999,327.34,329.60001,5302254
5/9/2018,328.79001,331.95001,327.51001,330.29999,5633444
5/8/2018,325.89999,327.35001,323.04999,326.89001,4735738
5/7/2018,321.98999,329.01999,319.34,326.26001,7117823
5/4/2018,308.70999,320.98001,307.67001,320.09,8209513
5/3/2018,312.59,312.59,305.73001,311.69,6135828
5/2/2018,311.64999,317.10001,310.39999,313.35999,5697120
5/1/2018,310.35999,313.48001,306.69,313.29999,6036639
4/30/2018,311.07001,317.88,310.12,312.45999,6088787
4/27/2018,316.25,317.45001,306.5,311.76001,7074384
4/26/2018,310,316.63,305.57999,313.98001,9266699
4/25/2018,306.37,309.98001,292.60999,305.76001,14919698
4/24/2018,319.22,320.25,302.31,307.01999,13893217
4/23/2018,329.14999,331.22,317.07999,318.69,8968015
4/20/2018,332.22,336.51001,326,327.76999,9158655
4/19/2018,332.88,335.31,326.76999,332.70001,8438825
4/18/2018,336.29999,338.82001,331.10001,334.51999,11221139
4/17/2018,329.66,338.62,323.76999,336.06,33866456
4/16/2018,315.98999,316.10001,304,307.78,20307920
4/13/2018,317.29001,317.48999,308.23001,311.64999,12046573
4/12/2018,309.72,311.13,306.75,309.25,10249403
4/11/2018,302.88,311.64001,301.82001,303.67001,14877429
4/10/2018,297.67999,298.95001,291.69,298.07001,10719097
4/9/2018,291.76999,299.54999,289.12,289.92999,9853564
4/6/2018,289.10001,298.85001,285.64999,288.85001,11444777
4/5/2018,293.14999,299.16,289.10999,293.97,10655178
4/4/2018,273.63,290.31,271.22,288.94,12913978
4/3/2018,285.45001,291.25,278.01001,283.67001,12694862
4/2/2018,291.94,292.87,275.04999,280.29001,13405760
3/30/2018,,,,,
3/29/2018,287,295.35001,275.89999,295.35001,19145522
3/28/2018,298.39001,298.79999,281.60999,285.76999,18972912
3/27/2018,322.48999,322.89999,297,300.69,12068632
3/26/2018,309.35999,321.03,302,320.35001,11988274
3/23/2018,307.41,310.73001,300.35999,300.94,9529948
3/22/2018,313.07001,314.12,305.66,306.70001,8063305
3/21/2018,316.35001,319.39999,314.51001,316.48001,5263911
3/20/2018,313.26001,319.5,312.79999,317.5,5991945
3/19/2018,315.79999,317,307.34,313.48001,9925162
3/16/2018,321.42001,324.10999,318.37,318.45001,7333734
3/15/2018,323.17001,323.39999,318.14001,321.09,5642883
3/14/2018,318.16,323.88,317.70001,321.54999,10475073
3/13/2018,323.87,325.84,313.28,315.88,12917224
3/12/2018,333.56,333.98001,318.60001,321.29999,20369152
3/9/2018,321.32999,331.44,320.23001,331.44,14500219
3/8/2018,322.20001,322.92001,314.13,317,11340066
3/7/2018,320,323.73999,314.54999,321.16,17132222
3/6/2018,319.88,325.79001,316.5,325.22,18525844
3/5/2018,302.85001,316.91,297.60001,315,18986100
3/2/2018,284.64999,301.17999,283.23001,301.04999,13345313
3/1/2018,292.75,295.25,283.82999,290.39001,11932051
2/28/2018,293.10001,295.75,290.78,291.38,7653454
2/27/2018,294.76999,297.35999,290.59,290.60999,9416489
2/26/2018,288.75,295.64999,287.01001,294.16,10268633
2/23/2018,281,286,277.81,285.92999,7301809
2/22/2018,283.88,284.5,274.45001,278.14001,8891535
2/21/2018,282.07001,286.64001,280.01001,281.04001,9371121
2/20/2018,277.73999,285.81,276.60999,278.54999,7769023
2/19/2018,,,,,
2/16/2018,278.73001,281.95999,275.69,278.51999,8312380
2/15/2018,270.03,280.5,267.63,280.26999,10759667
2/14/2018,260.47,269.88,260.32999,266,10971985
2/13/2018,257.29001,261.41,254.7,258.26999,6855151
2/12/2018,252.14,259.14999,249,257.95001,8534906
2/9/2018,253.85001,255.8,236.11,249.47,16906942
2/8/2018,267.07999,267.62,250,250.10001,9306701
2/7/2018,266.57999,272.45001,264.32999,264.56,8981548
2/6/2018,247.7,266.70001,245,265.72,12595801
2/5/2018,262,267.89999,250.03,254.25999,11896053
2/2/2018,263,270.62,262.70999,267.42999,9123610
2/1/2018,266.41,271.95001,263.38,265.07001,9669011
1/31/2018,281.94,282.29001,269.57999,270.29999,11695072
1/30/2018,277,282.73001,272.70001,278.79999,12482852
1/29/2018,274.20001,286.81,273.92001,284.59,17529748
1/26/2018,271.48001,274.60001,268.76001,274.60001,11021839
1/25/2018,263,272.29999,260.23001,269.70001,15336378
1/24/2018,250.88,261.70999,249.31,261.29999,17352448
1/23/2018,255.05,257.70999,248.02,250.28999,27705332
1/22/2018,222,227.78999,221.2,227.58,17703292
1/19/2018,222.75,223.49001,218.5,220.46001,10548567
1/18/2018,220.34,220.58,216.55,220.33,8225339
1/17/2018,221,221.14999,216.32001,217.5,9123056
1/16/2018,224.24001,226.07001,217.2,221.53,13516067
1/15/2018,,,,,
1/12/2018,217.17999,222.55,216,221.23,8199423
1/11/2018,214.28999,217.75,213.35001,217.24001,7659485
1/10/2018,207.57001,213.64,206.91,212.52,5951486
1/9/2018,212.11,212.98,208.59,209.31,6125855
1/8/2018,210.02,212.5,208.44,212.05,5580178
