Date,Open,Close,Month Number,Weekly Mentions,Volume,PB,PS,MOA,price change,ShiftedPB,ShiftedPS
12/31/2019,128.75,133.89999,24,25,13780356.0,22.986,14.220999999999998,2.3,-0.0429090181818182,22.986,14.220999999999998
12/30/2019,137.5,131.60001,24,25,14494280.0,33.346,19.455,-7.92,-0.03739478404857174,33.346,19.455
12/27/2019,144.94,139.52,24,0,13326949.0,35.353,20.625999999999998,-5.08,-0.014247665144181609,35.353,20.625999999999998
12/26/2019,146.69,144.60001,24,0,14677300.0,36.64,21.377,-0.485,0.030219462137296423,36.64,21.377
12/24/2019,141.3,145.57001,24,0,11084699.0,36.885999999999996,21.521,5.43,0.02284512246150809,36.885999999999996,21.521
12/23/2019,137.00999,140.14,24,0,10815806.0,35.51,20.718000000000004,3.25,-0.02319109461966605,35.51,20.718000000000004
12/20/2019,140.14,136.89,24,92,12726697.0,34.686,20.237000000000002,-0.84,0.024853039660689066,34.686,20.237000000000002
12/19/2019,134.39,137.73,24,92,13771988.0,34.899,20.362000000000002,3.29,-0.011688598103359578,34.899,20.362000000000002
12/18/2019,136.03,134.44,24,92,9450115.0,34.065,19.875,-0.84,-0.008865190939615368,34.065,19.875
12/17/2019,136.49001,135.28,24,92,16017918.0,34.278,19.999000000000002,-3.07,0.032462761194029834,34.278,19.999000000000002
12/16/2019,134.0,138.35001,24,92,19700732.0,35.056,20.453,5.86,-0.04201005061460592,35.056,20.453
12/13/2019,138.3,132.49001,24,22,17473034.0,33.571,19.587,-7.08,-0.035652525392109405,33.571,19.587
12/12/2019,144.73,139.57001,24,22,16739131.0,35.365,20.634,-6.13,-0.015407487498310592,35.365,20.634
12/11/2019,147.98,145.7,24,22,9539369.0,36.919000000000004,21.54,-1.39,0.004713183382048051,36.919000000000004,21.54
12/10/2019,146.39999,147.09,24,22,11143151.0,37.271,21.745,1.55,0.01104543244182008,37.271,21.745
12/9/2019,143.95,145.53999,24,22,12591960.0,36.878,21.516,1.28,-0.029206054562176745,36.878,21.516
12/6/2019,148.60001,144.25999,24,34,15788457.0,36.554,21.326999999999998,-4.08,-0.02708729586148092,36.554,21.326999999999998
12/5/2019,152.47,148.34,24,34,15842541.0,37.588,21.93,-2.24,0.010604026845637668,37.588,21.93
12/4/2019,149.0,150.58,24,34,26260112.0,38.155,22.261,5.95,0.04758800521512381,38.155,22.261
12/3/2019,138.06,144.63,24,34,27532304.0,36.647,21.381999999999998,8.56,-0.0670551890946048,36.647,21.381999999999998
12/2/2019,145.85001,136.07001,24,34,48174440.0,34.478,20.116,-24.3,-0.0031700646444554384,34.478,20.116
11/29/2019,160.88,160.37,23,24,7526777.0,40.635999999999996,23.709,-0.635,-0.03238551331936561,40.635999999999996,23.709
11/27/2019,167.05,161.64,23,24,19115504.0,40.958,23.896,-2.64,0.033532557407990014,40.958,23.896
11/26/2019,158.95,164.28,23,24,16055738.0,41.626999999999995,24.287,6.2,-0.0166707524677003,41.626999999999995,24.287
11/25/2019,160.75999,158.08,23,24,14386881.0,40.056,23.37,-0.67,0.0009457124246083119,40.056,23.37
11/22/2019,158.60001,158.75,23,68,14853064.0,40.225,23.469,2.84,-0.023731997495303647,40.225,23.469
11/21/2019,159.7,155.91,23,68,21586340.0,39.506,23.049,-3.02,0.044149395956284296,39.506,23.049
11/20/2019,152.21001,158.92999,23,68,26617634.0,40.271,23.496,5.02,0.002997719126751437,40.271,23.496
11/19/2019,153.45,153.91,23,68,31464764.0,38.999,22.754,-6.21,0.017927527018436064,38.999,22.754
11/18/2019,157.3,160.12,23,68,27647304.0,40.571999999999996,23.671999999999997,2.82,0.03691496374423219,40.571999999999996,23.671999999999997
11/15/2019,151.7,157.3,23,36,26600096.0,39.858000000000004,23.255,8.6,0.04718309859154922,39.858000000000004,23.255
11/14/2019,142.0,148.7,23,36,26222960.0,37.679,21.983,6.33,0.05867043426531838,37.679,21.983
11/13/2019,134.48,142.37,23,36,20654068.0,36.075,21.048000000000002,7.02,0.04051360701106999,36.075,21.048000000000002
11/12/2019,130.08,135.35001,23,36,24287752.0,34.296,20.01,6.14,0.06961928807947032,34.296,20.01
11/11/2019,120.8,129.21001,23,36,20702972.0,32.74,19.102,7.27,0.02298657718120801,32.74,19.102
11/8/2019,119.2,121.94,23,100,19221268.0,30.898000000000003,18.027,3.48,-0.0024421052631579472,30.898000000000003,18.027
11/7/2019,118.75,118.46,23,100,52683912.0,30.016,17.512999999999998,-22.59,0.017309846181741584,30.016,17.512999999999998
11/6/2019,138.64999,141.05,23,100,21711916.0,35.74,20.851999999999997,1.48,-0.006406990816544476,35.74,20.851999999999997
11/5/2019,140.47,139.57001,23,100,11789376.0,35.365,20.634,-0.94,-0.045124026172207114,35.365,20.634
11/4/2019,147.14999,140.50999,23,100,20088780.0,35.604,20.773000000000003,-5.99,-0.013069253570466167,35.604,20.773000000000003
11/1/2019,148.44,146.5,23,23,10946604.0,37.121,21.658,-0.7,-0.014923309571258186,37.121,21.658
10/31/2019,149.42999,147.2,22,23,13249348.0,37.299,21.761999999999997,-2.23,0.011438878337696006,37.299,21.761999999999997
10/30/2019,147.74001,149.42999,22,23,10916474.0,37.864000000000004,22.090999999999998,2.19,0.007802874209248958,37.864000000000004,22.090999999999998
10/29/2019,146.10001,147.24001,22,23,16095056.0,37.309,21.768,0.36,0.07211678832116784,37.309,21.768
10/28/2019,137.0,146.88,22,23,24073204.0,37.218,21.714000000000002,13.14,0.035540227296959215,37.218,21.714000000000002
10/25/2019,129.14999,133.74001,22,0,11485718.0,33.888000000000005,19.772000000000002,2.52,0.02252006545624551,33.888000000000005,19.772000000000002
10/24/2019,128.33,131.22,22,0,10597875.0,33.25,19.399,2.46,-0.0018605426356590098,33.25,19.399
10/23/2019,129.0,128.75999,22,0,10702324.0,32.626,19.035999999999998,-0.3,-0.028235825615541,32.626,19.035999999999998
10/22/2019,132.81,129.06,22,0,17122368.0,32.702,19.08,-3.97,0.03324271844660195,32.702,19.08
10/21/2019,128.75,133.03,22,0,16408273.0,33.708,19.667,3.09,-0.0542251983404905,33.708,19.667
10/18/2019,137.39,129.94,22,36,32463524.0,32.925,19.21,-9.13,0.05403979081400636,32.925,19.21
10/17/2019,131.94,139.07001,22,36,20090072.0,35.239000000000004,20.56,6.57,-0.002484378528946868,35.239000000000004,20.56
10/16/2019,132.83,132.5,22,36,22426092.0,33.574,19.588,-0.32,0.07825953888618273,33.574,19.588
10/15/2019,123.18,132.82001,22,36,26623532.0,33.655,19.636,13.7,-0.01210814397080771,33.655,19.636
10/14/2019,120.58,119.12,22,36,14498592.0,30.184,17.61,-2.48,-0.018721755971594638,30.184,17.61
10/11/2019,123.92,121.6,22,26,23218928.0,30.811999999999998,17.977,5.47,-0.016847273958686158,30.811999999999998,17.977
10/10/2019,118.12,116.13,22,26,26167890.0,29.426,17.168,-1.66,0.051602535487902876,29.426,17.168
10/9/2019,112.01,117.79,22,26,28476592.0,29.846999999999998,17.414,9.79,0.024376363463909638,29.846999999999998,17.414
10/8/2019,105.43,108.0,22,26,13903293.0,27.366,15.966,1.75,-0.014378478664192925,27.366,15.966
10/7/2019,107.8,106.25,22,26,21165122.0,26.921999999999997,15.708,-0.52,-0.02090784044016507,26.921999999999997,15.708
10/4/2019,109.05,106.77,22,37,20940468.0,27.054000000000002,15.785,-2.07,0.046437842515142755,27.054000000000002,15.785
10/3/2019,104.01,108.84,22,37,22698276.0,27.579,16.090999999999998,6.22,0.01694579328114169,27.579,16.090999999999998
10/2/2019,100.91,102.62,22,37,15046503.0,26.003,15.171,0.22,0.004315417810906355,26.003,15.171
10/1/2019,101.96,102.4,22,37,16603369.0,25.947,15.139000000000001,0.64,0.023742454728370214,25.947,15.139000000000001
9/30/2019,99.4,101.76,21,37,13667341.0,25.785,15.044,2.02,-0.03474305622762028,25.785,15.044
9/27/2019,103.33,99.74,21,26,17550648.0,25.165,14.745,-3.6,-0.029580242276269993,25.165,14.745
9/26/2019,106.49,103.34,21,26,16078416.0,26.074,15.277000000000001,-2.96,0.013152878383530265,26.074,15.277000000000001
9/25/2019,104.92,106.3,21,26,21048964.0,26.82,15.715,2.77,-0.04483808469415997,26.82,15.715
9/24/2019,108.39,103.53,21,26,37250840.0,26.122,15.306,-3.84,-0.010870566559189245,26.122,15.306
9/23/2019,108.55,107.37,21,26,28340144.0,27.09,15.873,-0.68,-0.15181725410157787,27.09,15.873
9/20/2019,127.39,108.05,21,51,65016348.0,27.261999999999997,15.974,-25.71,0.04655339957749773,27.261999999999997,15.974
9/19/2019,127.81,133.75999,21,51,25298956.0,33.749,19.775,3.88,-0.09554323847191934,33.749,19.775
9/18/2019,143.60001,129.88,21,51,38239044.0,32.77,19.201,-20.64,0.0017970049916806005,32.77,19.201
9/17/2019,150.25,150.52,21,51,11182327.0,37.978,22.252,0.98,0.01748649384228067,37.978,22.252
9/16/2019,146.97,149.53999,21,51,11942246.0,37.73,22.108,1.99,0.006068457657166335,37.73,22.108
9/13/2019,146.66,147.55,21,24,9256540.0,37.228,21.813000000000002,-0.23,-0.014799999999999992,37.228,21.813000000000002
9/12/2019,150.0,147.78,21,24,14002034.0,37.286,21.846999999999998,-1.98,0.02190371886728063,37.286,21.846999999999998
9/11/2019,146.55,149.75999,21,24,18660056.0,37.786,22.14,5.62,-0.08319552219819369,37.786,22.14
9/10/2019,157.22,144.14,21,24,34820480.0,36.368,21.309,-16.89,-0.07240788753410785,36.368,21.309
9/9/2019,173.60001,161.03,21,24,23942096.0,40.629,23.805999999999997,-8.83,0.02653048891037659,40.629,23.805999999999997
9/6/2019,165.47,169.86,21,23,14892281.0,42.857,25.112,2.93,-0.004532232094937051,42.857,25.112
9/5/2019,167.69,166.92999,21,23,23419328.0,42.118,24.678,-1.98,0.04594705270003998,42.118,24.678
9/4/2019,161.49001,168.91,21,23,28523784.0,42.617,24.971,12.03,0.03990454726236233,42.617,24.971
9/3/2019,150.86,156.88,21,23,12616888.0,39.582,23.193,2.76,0.0025168896542590007,39.582,23.193
8/30/2019,150.98,151.36,20,25,10530270.0,38.189,22.377,1.48,0.012702702702702672,38.189,22.377
8/29/2019,148.0,149.88,20,25,10435053.0,37.816,22.158,3.99,-0.001300657174151329,37.816,22.158
8/28/2019,146.08,145.89,20,25,9592996.0,36.809,21.568,-1.13,0.014700807509145035,36.809,21.568
8/27/2019,144.89,147.02,20,25,19435392.0,37.094,21.735,4.01,0.0209165476870358,37.094,21.735
8/26/2019,140.08,143.00999,20,25,11156073.0,36.083,21.142,5.27,-0.00014503485373347852,36.083,21.142
8/23/2019,137.75999,137.74001,20,27,11347155.0,34.753,20.363,-1.4,0.006437613019891402,34.753,20.363
8/22/2019,138.25,139.14,20,27,6603220.0,35.106,20.57,0.56,0.02560686796921261,35.106,20.57
8/21/2019,135.12,138.58,20,27,8211885.0,34.965,20.487,4.32,-0.0017103129072562678,34.965,20.487
8/20/2019,134.49001,134.25999,20,27,6655345.0,33.875,19.849,-0.7,0.019797566873205438,33.875,19.849
8/19/2019,132.34,134.96001,20,27,9345713.0,34.052,19.952,3.92,0.00022899017090224295,34.052,19.952
8/16/2019,131.00999,131.03999,20,25,6368413.0,33.063,19.373,1.64,-0.027067744360902236,33.063,19.373
8/15/2019,133.0,129.39999,20,25,9053574.0,32.649,19.13,-1.17,-0.014193959984899905,32.649,19.13
8/14/2019,132.45,130.57001,20,25,11600681.0,32.944,19.303,-4.76,-0.013629737609329274,32.944,19.303
8/13/2019,137.2,135.33,20,25,20273220.0,34.145,20.007,1.03,0.034190666872015996,34.145,20.007
8/12/2019,129.86,134.3,20,25,19614336.0,33.885,19.855,8.98,0.02940693280762279,33.885,19.855
8/9/2019,121.74,125.32,20,40,14591452.0,31.619,18.527,3.29,0.028053917438921636,31.619,18.527
8/8/2019,118.7,122.03,20,40,27655456.0,30.789,18.041,21.06,0.02299898682877402,30.789,18.041
8/7/2019,98.7,100.97,20,40,13649070.0,25.476,14.927,2.49,-0.046013755691175044,25.476,14.927
8/6/2019,103.23,98.48,20,40,11136249.0,24.846999999999998,14.559000000000001,-4.09,0.0480228875038315,24.846999999999998,14.559000000000001
8/5/2019,97.87,102.57,20,40,7328656.0,25.879,15.164000000000001,2.04,-0.003074176913923069,25.879,15.164000000000001
8/2/2019,100.84,100.53,20,29,4444485.0,25.365,14.862,-0.32,-0.02710785259502221,25.365,14.862
8/1/2019,103.66,100.85,20,29,5478407.0,25.445,14.909,-2.48,-0.02297655068078675,25.445,14.909
7/31/2019,105.76,103.33,19,29,5292158.0,26.070999999999998,15.276,-2.43,0.01692307692307697,26.070999999999998,15.276
7/30/2019,104.0,105.76,19,29,4762618.0,26.684,15.635,0.63,-0.049027589326096806,26.684,15.635
7/29/2019,110.55,105.13,19,29,10855535.0,26.525,15.542,-5.32,0.0285900540137829,26.525,15.542
7/26/2019,107.38,110.45,19,0,6865401.0,27.866999999999997,16.329,3.56,-0.007705161529892298,27.866999999999997,16.329
7/25/2019,107.72,106.89,19,0,5276766.0,26.969,15.802,-0.77,0.028467711119602498,26.969,15.802
7/24/2019,104.68,107.66,19,0,6138626.0,27.164,15.915999999999999,2.74,-0.03645881164477913,27.164,15.915999999999999
7/23/2019,108.89,104.92,19,0,9726893.0,26.471999999999998,15.511,-3.68,0.0137216465975917,26.471999999999998,15.511
7/22/2019,107.13,108.6,19,0,5704450.0,27.401,16.055,1.75,-0.02509124087591241,27.401,16.055
7/19/2019,109.6,106.85,19,0,6736162.0,26.959,15.796,-2.17,0.017927170868347355,26.959,15.796
7/18/2019,107.1,109.02,19,0,9302051.0,27.506999999999998,16.117,-0.32,-0.023837157396661028,27.506999999999998,16.117
7/17/2019,112.01,109.34,19,0,11183913.0,27.587,16.165,-2.6,0.07273598466698614,27.587,16.165
7/16/2019,104.35,111.94,19,0,21356596.0,28.243000000000002,16.549,7.6,0.017951219512195155,28.243000000000002,16.549
7/15/2019,102.5,104.34,19,0,6340012.0,26.326,15.425,1.87,-0.016791402801765495,26.326,15.425
7/12/2019,104.22,102.47,19,25,7524214.0,25.854,15.149000000000001,-2.07,0.00615976900866218,25.854,15.149000000000001
7/11/2019,103.9,104.54,19,25,9091835.0,26.375999999999998,15.455,1.04,-0.007479861910241668,26.375999999999998,15.455
7/10/2019,104.28,103.5,19,25,8519337.0,26.114,15.300999999999998,0.1,0.007110158761079224,26.114,15.300999999999998
7/9/2019,102.67,103.4,19,25,10727311.0,26.089000000000002,15.286,0.15,0.056374053611622725,26.089000000000002,15.286
7/8/2019,97.74,103.25,19,25,12268306.0,26.051,15.264000000000001,5.14,0.053021358806482746,26.051,15.264000000000001
7/5/2019,93.17,98.11,19,58,12061717.0,24.754,14.504000000000001,2.3,-0.0007480230818550244,24.754,14.504000000000001
7/3/2019,93.58,93.51,19,58,7313660.0,23.593000000000004,13.824000000000002,0.46,0.04609331084879139,23.593000000000004,13.824000000000002
7/2/2019,88.95,93.05,19,58,12853428.0,23.476999999999997,13.755999999999998,1.68,-0.01061180292365988,23.476999999999997,13.755999999999998
7/1/2019,92.35,91.37,19,58,5944814.0,23.053,13.508,0.79,-0.03453421445320822,23.053,13.508
6/28/2019,93.82,90.58,18,0,11980704.0,28.464000000000002,13.390999999999998,-2.65,0.005391998274560552,28.464000000000002,13.390999999999998
6/27/2019,92.73,93.23,18,0,5476288.0,29.296,13.783,0.93,0.0003251327625447181,29.296,13.783
6/26/2019,92.27,92.3,18,0,8598768.0,29.004,13.645,-0.95,-0.06366101014158052,29.004,13.645
6/25/2019,99.59,93.25,18,0,12280083.0,29.303,13.786,-6.78,-0.028740654432469113,29.303,13.786
6/24/2019,102.99,100.03,18,0,7786770.0,31.433000000000003,14.788,-2.54,-0.017528735632184027,31.433000000000003,14.788
6/21/2019,104.4,102.57,18,26,4391220.0,32.231,15.164000000000001,-2.33,-0.025092936802973875,32.231,15.164000000000001
6/20/2019,107.6,104.9,18,26,6138877.0,32.963,15.508,-1.59,0.02325357932161047,32.963,15.508
6/19/2019,104.07,106.49,18,26,5662986.0,33.463,15.743,2.1,-0.003436754176610973,33.463,15.743
6/18/2019,104.75,104.39,18,26,6591737.0,32.803000000000004,15.433,0.55,0.02255046774987697,32.803000000000004,15.433
6/17/2019,101.55,103.84,18,26,5528267.0,32.63,15.350999999999999,1.82,-0.022141282469088492,32.63,15.350999999999999
6/14/2019,104.33,102.02,18,56,7326946.0,32.058,15.082,-2.95,0.0011444921316166386,32.058,15.082
6/13/2019,104.85,104.97,18,56,7629196.0,32.985,15.517999999999999,0.11,0.051649784374686654,32.985,15.517999999999999
6/12/2019,99.71,104.86,18,56,12278571.0,32.951,15.502,4.66,-0.006248140434394481,32.951,15.502
6/11/2019,100.83,100.2,18,56,10283040.0,31.486,14.812999999999999,-0.41,-0.017288532916585234,31.486,14.812999999999999
6/10/2019,102.38,100.61,18,56,10366269.0,31.615,14.874,-1.26,0.01101627630011909,31.615,14.874
6/7/2019,100.76,101.87,18,26,10603900.0,32.010999999999996,15.06,1.62,-0.009093604823564314,32.010999999999996,15.06
6/6/2019,101.17,100.25,18,26,12868204.0,31.502,14.821,-1.46,0.04532374100719421,31.502,14.821
6/5/2019,97.3,101.71,18,26,23470796.0,31.961,15.037,8.11,0.028571428571428508,31.961,15.037
6/4/2019,91.0,93.6,18,26,7782680.0,29.413,13.838,3.89,-0.011677867136719205,29.413,13.838
6/3/2019,90.77,89.71,18,26,10553038.0,28.19,13.262,-0.69,-0.017391304347826025,28.19,13.262
5/31/2019,92.0,90.4,17,27,10050218.0,28.406999999999996,13.364,-2.94,0.010939023069424944,28.406999999999996,13.364
5/30/2019,92.33,93.34,17,27,11605416.0,29.331,13.799000000000001,1.54,0.013468756899977908,29.331,13.799000000000001
5/29/2019,90.58,91.8,17,27,17458432.0,28.846999999999998,13.571,2.97,-0.05650557620817851,28.846999999999998,13.571
5/28/2019,94.15,88.83,17,27,21523688.0,27.914,13.132,-3.475,0.0583425414364641,27.914,13.132
5/24/2019,90.5,95.78,17,28,19017154.0,30.098000000000003,14.16,5.8,0.024945893609750514,30.098000000000003,14.16
5/23/2019,87.79,89.98,17,28,11658806.0,28.275,13.302,1.96,0.0026198883699736844,28.275,13.302
5/22/2019,87.79,88.02,17,28,10019420.0,27.659000000000002,13.013,0.39,0.04358699535548406,27.659000000000002,13.013
5/21/2019,83.97,87.63,17,28,10989382.0,27.537,12.955,4.3,-0.005727240186135353,27.537,12.955
5/20/2019,83.81,83.33,17,28,11115105.0,26.185,12.319,-0.7,0.01854545454545456,26.185,12.319
5/17/2019,82.5,84.03,17,28,16140973.0,26.405,12.423,0.75,0.008354522339266228,26.405,12.423
5/16/2019,82.59,83.28,17,28,11844146.0,26.17,12.312000000000001,-0.06,0.008348457350272204,26.17,12.312000000000001
5/15/2019,82.65,83.34,17,28,10503090.0,26.188000000000002,12.321,0.51,0.026903049838829678,26.188000000000002,12.321
5/14/2019,80.66,82.83,17,28,10519174.0,26.028000000000002,12.245,3.38,-0.016220901436354657,26.028000000000002,12.245
5/13/2019,80.76,79.45,17,28,22878292.0,24.965999999999998,11.745999999999999,-3.3,0.009146341463414634,24.965999999999998,11.745999999999999
5/10/2019,82.0,82.75,17,51,25933356.0,26.003,12.234000000000002,-0.42,0.18814285714285717,26.003,12.234000000000002
5/9/2019,70.0,83.17,17,51,56746608.0,26.135,12.296,18.25,0.014375000000000027,26.135,12.296
5/8/2019,64.0,64.92,17,51,12383232.0,20.4,9.597999999999999,0.51,-0.0370757960831216,20.4,9.597999999999999
5/7/2019,66.89,64.41,17,51,13991867.0,20.24,9.522,-1.34,0.04282315622521813,20.24,9.522
5/6/2019,63.05,65.75,17,51,8644004.0,20.660999999999998,9.72,0.73,0.0033950617283950444,20.660999999999998,9.72
5/3/2019,64.8,65.02,17,24,4597707.0,20.432000000000002,9.612,0.63,0.013696473551637238,20.432000000000002,9.612
5/2/2019,63.52,64.39,17,24,6196279.0,20.234,9.519,0.7,-0.011024844720497017,20.234,9.519
5/1/2019,64.4,63.69,17,24,6873269.0,20.014,9.416,0.1,0.011935073201782304,20.014,9.416
4/30/2019,62.84,63.59,16,24,8045414.0,19.982,9.401,0.31,-0.00659340659340662,19.982,9.401
4/29/2019,63.7,63.28,16,24,10486726.0,19.885,9.355,-0.16,0.03795811518324608,19.885,9.355
4/26/2019,61.12,63.44,16,0,11456134.0,19.935,9.379,2.4,0.00032776138970822715,19.935,9.379
4/25/2019,61.02,61.04,16,0,7675944.0,19.180999999999997,9.024,0.07,-0.005707762557077649,19.180999999999997,9.024
4/24/2019,61.32,60.97,16,0,9040188.0,19.159000000000002,9.014,-0.56,0.02550000000000002,19.159000000000002,9.014
4/23/2019,60.0,61.53,16,0,16577308.0,19.335,9.096,3.33,0.03761811374576572,19.335,9.096
4/22/2019,56.09,58.2,16,0,8157645.0,18.289,8.604,0.76,0.015042979942693343,18.289,8.604
4/18/2019,55.84,56.68,16,25,9480683.0,17.811,8.379,0.08,-0.03247863247863245,17.811,8.379
4/17/2019,58.5,56.6,16,25,10828190.0,17.785999999999998,8.368,-1.44,-0.00137646249139708,17.785999999999998,8.368
4/16/2019,58.12,58.04,16,25,13594898.0,18.238,8.58,1.45,0.0069395017793594405,18.238,8.58
4/15/2019,56.2,56.59,16,25,8860765.0,17.783,8.366,0.09,-0.05911740216486257,17.783,8.366
4/12/2019,60.05,56.5,16,24,13706210.0,17.754,8.353,-2.15,0.0022214627477784594,17.754,8.353
4/11/2019,58.52,58.65,16,24,9230395.0,18.43,8.671,0.08,-0.014304947829013823,18.43,8.671
4/10/2019,59.42,58.57,16,24,11912408.0,18.405,8.658999999999999,-0.75,-0.011003667889296376,18.405,8.658999999999999
4/9/2019,59.98,59.32,16,24,13873255.0,18.641,8.77,-1.41,0.00796680497925306,18.641,8.77
4/8/2019,60.25,60.73,16,24,24549432.0,19.084,8.978,-2.67,-0.021604938271604916,19.084,8.978
4/5/2019,64.8,63.4,16,26,10716989.0,19.923,9.373,-1.09,-0.03631201434548725,19.923,9.373
4/4/2019,66.92,64.49,16,26,25099142.0,20.265,9.533999999999999,-4.11,-0.03189387524696592,20.265,9.533999999999999
4/3/2019,70.86,68.6,16,26,12867334.0,21.557,10.142000000000001,-2.04,0.030037911927675742,21.557,10.142000000000001
4/2/2019,68.58,70.64,16,26,10053317.0,22.198,10.443,1.53,0.043957703927492396,22.198,10.443
4/1/2019,66.2,69.11,16,26,14424863.0,21.717,10.217,4.6,-0.00753846153846146,21.717,10.217
3/29/2019,65.0,64.51,15,0,6211799.0,28.944000000000003,9.537,0.12,0.026789985648221968,28.944000000000003,9.537
3/28/2019,62.71,64.39,15,0,8253736.0,28.891,9.519,2.21,-0.027069316225942684,28.891,9.519
3/27/2019,63.91,62.18,15,0,9859517.0,27.899,9.193,-2.13,-0.055653450807635715,27.899,9.193
3/26/2019,68.1,64.31,15,0,14257182.0,28.855,9.507,-2.59,0.048589341692790104,28.855,9.507
3/25/2019,63.8,66.9,15,0,20747682.0,30.017,9.89,2.99,-0.0372100030129557,30.017,9.89
3/22/2019,66.38,63.91,15,25,8347949.0,28.675,9.448,-3.03,0.030797659377887282,28.675,9.448
3/21/2019,64.94,66.94,15,25,7901835.0,30.035,9.896,1.97,0.009321112319403359,30.035,9.896
3/20/2019,64.37,64.97,15,25,6443870.0,29.151,9.605,0.05,0.01707660974463424,29.151,9.605
3/19/2019,63.83,64.92,15,25,10828930.0,29.128,9.597999999999999,1.31,0.006168933881683021,29.128,9.597999999999999
3/18/2019,63.22,63.61,15,25,10971839.0,28.541,9.404,0.82,0.010297666934835087,28.541,9.404
3/15/2019,62.15,62.79,15,51,12736600.0,28.173000000000002,9.283,0.97,0.0012957563977971864,28.173000000000002,9.283
3/14/2019,61.74,61.82,15,51,23780692.0,27.737,9.139,1.08,-0.10121337673868003,27.737,9.139
3/13/2019,67.58,60.74,15,51,38849884.0,27.253,8.98,-9.98,-0.030701754385964845,27.253,8.98
3/12/2019,72.96,70.72,15,51,11693661.0,31.730999999999998,10.455,-3.4,0.04335585585585583,31.730999999999998,10.455
3/11/2019,71.04,74.12,15,51,9832045.0,33.256,10.958,2.85,0.05257716733126573,33.256,10.958
3/8/2019,67.71,71.27,15,24,11553264.0,31.976999999999997,10.536,0.46,-0.009650349650349619,31.976999999999997,10.536
3/7/2019,71.5,70.81,15,24,9990236.0,31.771,10.468,-1.08,0.04811196967487968,31.771,10.468
3/6/2019,68.59,71.89,15,24,15339468.0,32.256,10.628,3.06,0.026394273784670384,32.256,10.628
3/5/2019,67.06,68.83,15,24,9322867.0,30.883000000000003,10.176,1.78,-0.0334438518091395,30.883000000000003,10.176
3/4/2019,69.37,67.05,15,24,15844877.0,30.084,9.912,-2.03,0.028282226853229998,30.084,9.912
3/1/2019,67.18,69.08,15,0,10741712.0,30.995,10.213,2.79,-0.0239988221436984,30.995,10.213
2/28/2019,67.92,66.29,14,0,8149100.0,29.743000000000002,9.8,-1.08,0.03646153846153853,29.743000000000002,9.8
2/27/2019,65.0,67.37,14,0,9676513.0,30.228,9.96,2.29,0.022466614296936367,30.228,9.96
2/26/2019,63.65,65.08,14,0,12994362.0,29.2,9.621,0.21,0.0006169983032547626,29.2,9.621
2/25/2019,64.83,64.87,14,0,22283392.0,29.105999999999998,9.59,0.4,0.17026683608640397,29.105999999999998,9.59
2/22/2019,55.09,64.47,14,47,48341724.0,28.926,9.531,12.99,-0.043122676579925655,28.926,9.531
2/21/2019,53.8,51.48,14,47,16876332.0,23.098000000000003,7.611000000000001,-2.16,-0.011972738994289899,23.098000000000003,7.611000000000001
2/20/2019,54.29,53.64,14,47,10739940.0,24.066999999999997,7.93,0.42,0.010442377064742683,24.066999999999997,7.93
2/19/2019,52.67,53.22,14,47,14485571.0,23.879,7.867999999999999,0.57,0.006960556844547553,23.879,7.867999999999999
2/15/2019,51.72,52.08,14,0,7162276.0,23.366999999999997,7.699,1.11,0.029905031319458413,23.366999999999997,7.699
2/14/2019,49.49,50.97,14,0,10047617.0,22.869,7.535,0.77,0.018255578093306406,22.869,7.535
2/13/2019,49.3,50.2,14,0,7000440.0,22.524,7.421,0.99,0.039281942977824696,22.524,7.421
2/12/2019,47.35,49.21,14,0,9823164.0,22.08,7.275,2.23,-0.026724673710379246,22.08,7.275
2/11/2019,48.27,46.98,14,0,13510969.0,21.079,6.945,-1.29,0.04367567567567574,21.079,6.945
2/8/2019,46.25,48.27,14,37,6471210.0,21.658,7.136,1.41,-0.016785564414603382,21.658,7.136
2/7/2019,47.66,46.86,14,37,10505793.0,21.025,6.928,-1.52,0.007287112221528241,21.025,6.928
2/6/2019,48.03,48.38,14,37,6243397.0,21.706999999999997,7.152,0.22,-0.007010309278350586,21.706999999999997,7.152
2/5/2019,48.5,48.16,14,37,11813100.0,21.608,7.12,0.73,0.048408488063660424,21.608,7.12
2/4/2019,45.24,47.43,14,37,28406992.0,21.281,7.0120000000000005,2.22,0.004220346512660989,21.281,7.0120000000000005
2/1/2019,45.02,45.21,14,27,5668616.0,20.285,6.684,0.26,0.026255707762557208,20.285,6.684
1/31/2019,43.8,44.95,13,27,8078315.0,20.168,6.645,0.82,0.01424959779361077,20.168,6.645
1/30/2019,43.51,44.13,13,27,7986271.0,19.8,6.524,1.28,-0.017652453003209445,19.8,6.524
1/29/2019,43.62,42.85,13,27,15778817.0,19.226,6.335,-1.01,0.037860861334595396,19.226,6.335
1/28/2019,42.26,43.86,13,27,9188373.0,19.679000000000002,6.484,0.17,0.0043678160919539705,19.679000000000002,6.484
1/25/2019,43.5,43.69,13,24,11246858.0,19.602999999999998,6.459,0.4,0.07126948775055686,19.602999999999998,6.459
1/24/2019,40.41,43.29,13,24,13235792.0,19.423,6.4,2.85,0.0029761904761904127,19.423,6.4
1/23/2019,40.32,40.44,13,24,8159928.0,18.145,5.979,0.53,-0.007460830639144597,18.145,5.979
1/22/2019,40.21,39.91,13,24,6386998.0,17.907,5.9,-0.535,-0.02544589774078479,17.907,5.9
1/18/2019,42.05,40.98,13,24,12690891.0,18.387,6.058,-0.65,0.05232558139534884,18.387,6.058
1/17/2019,39.56,41.63,13,24,14000744.0,18.679000000000002,6.154,1.74,-0.019419862340216303,18.679000000000002,6.154
1/16/2019,40.68,39.89,13,24,10778742.0,17.898,5.897,-0.6,0.011491381463902094,17.898,5.897
1/15/2019,40.03,40.49,13,24,10322159.0,18.167,5.986000000000001,1.03,0.014656724093597332,18.167,5.986000000000001
1/14/2019,38.89,39.46,13,24,11192746.0,17.705,5.834,-0.11,-0.01444582814445824,17.705,5.834
1/11/2019,40.15,39.57,13,64,12528227.0,17.754,5.85,-0.59,-0.02310873266845057,17.754,5.85
1/10/2019,41.11,40.16,13,64,17148804.0,18.019000000000002,5.937,-1.94,0.042337212181233,18.019000000000002,5.937
1/9/2019,40.39,42.1,13,64,19848180.0,18.889,6.224,1.22,-0.07048658481127773,18.889,6.224
1/8/2019,43.98,40.88,13,64,44167680.0,18.342,6.044,-1.3,0.1452620146619604,18.342,6.044
1/7/2019,36.83,42.18,13,64,42253656.0,18.925,6.236000000000001,8.45,0.09941329856584084,18.925,6.236000000000001
1/4/2019,30.68,33.73,13,29,15505498.0,15.134,4.987,3.63,-0.055538123627235626,15.134,4.987
1/3/2019,31.87,30.1,13,29,14989436.0,13.505,4.45,-2.42,0.09054325955734416,13.505,4.45
1/2/2019,29.82,32.52,13,29,11890333.0,14.591,4.808,0.94,-0.006807131280389006,14.591,4.808
12/31/2018,30.85,30.64,12,29,6875507.0,13.748,4.53,0.48,-0.020779220779220797,13.748,4.53
12/28/2018,30.8,30.16,12,0,11221724.0,14.839,5.832000000000001,-0.3,-0.001638806948541485,14.839,5.832000000000001
12/27/2018,30.51,30.46,12,0,18877228.0,14.987,5.89,0.11,0.05017301038062294,14.987,5.89
12/26/2018,28.9,30.35,12,0,16972224.0,14.932,5.869,1.59,0.020661157024793413,14.932,5.869
12/24/2018,26.62,27.17,12,0,4558538.0,13.368,5.254,-0.11,-0.07210884353741488,13.368,5.254
12/21/2018,29.4,27.28,12,0,7210294.0,13.422,5.275,-2.38,-0.01820589208871237,13.422,5.275
12/20/2018,30.21,29.66,12,0,6234057.0,14.593,5.736000000000001,-0.95,-0.04433343740243527,14.593,5.736000000000001
12/19/2018,32.03,30.61,12,0,5750140.0,15.06,5.919,-0.73,-0.025194401244167924,15.06,5.919
12/18/2018,32.15,31.34,12,0,6371577.0,15.42,6.06,-0.78,-0.0409077336518365,15.42,6.06
12/17/2018,33.49,32.12,12,0,5649225.0,15.802999999999999,6.211,-1.3,0.00936273029296292,15.802999999999999,6.211
12/14/2018,33.11,33.42,12,27,4521460.0,16.442999999999998,6.462999999999999,-0.32,-0.040659653113448956,16.442999999999998,6.462999999999999
12/13/2018,35.17,33.74,12,27,6544754.0,16.6,6.525,-1.43,-0.013187429854096488,16.6,6.525
12/12/2018,35.64,35.17,12,27,7913297.0,17.304000000000002,6.801,-0.64,-0.058374967131212166,17.304000000000002,6.801
12/11/2018,38.03,35.81,12,27,13491557.0,17.619,6.925,-1.39,-0.006940736785904912,17.619,6.925
12/10/2018,37.46,37.2,12,27,7099221.0,18.303,7.194,-0.72,-0.06807569427377724,18.303,7.194
12/7/2018,40.69,37.92,12,0,5016994.0,18.657,7.332999999999999,-2.9,0.06108656095658959,18.657,7.332999999999999
12/6/2018,38.47,40.82,12,0,4191371.0,20.084,7.894,0.52,-0.04352007694157255,20.084,7.894
12/4/2018,41.59,39.78,12,0,4280805.0,19.572,7.693,-2.39,-0.027668895549919203,19.572,7.693
12/3/2018,43.37,42.17,12,0,6457636.0,20.748,8.155,1.42,0.0024600246002460377,20.748,8.155
11/30/2018,40.65,40.75,11,37,3568516.0,20.049,7.88,-0.09,0.05584281282316452,20.049,7.88
11/29/2018,38.68,40.84,11,37,9090562.0,20.094,7.898,1.91,-0.021859296482411996,20.094,7.898
11/28/2018,39.8,38.93,11,37,10524807.0,19.154,7.528,-0.29,-0.04084128148691616,19.154,7.528
11/27/2018,40.89,39.22,11,37,6495250.0,19.297,7.584,-1.99,0.014025590551181109,19.297,7.584
11/26/2018,40.64,41.21,11,37,5090833.0,20.276,7.968999999999999,1.29,0.0035193564605329455,20.276,7.968999999999999
11/23/2018,39.78,39.92,11,26,2417763.0,19.641,7.72,-0.165,-0.042122798667301356,19.641,7.72
11/21/2018,42.02,40.25,11,26,5220172.0,19.803,7.7829999999999995,-0.61,0.029219143576826107,19.803,7.7829999999999995
11/20/2018,39.7,40.86,11,26,7999048.0,20.102999999999998,7.901,-1.81,-0.03896396396396389,20.102999999999998,7.901
11/19/2018,44.4,42.67,11,26,4324592.0,20.994,8.251,-1.91,0.021539871677360167,20.994,8.251
11/16/2018,43.64,44.58,11,24,5722140.0,21.934,8.621,0.05,0.0350999535099953,21.934,8.621
11/15/2018,43.02,44.53,11,24,8040320.0,21.909000000000002,8.611,1.33,0.003717472118959194,21.909000000000002,8.611
11/14/2018,43.04,43.2,11,24,6572697.0,21.255,8.354,0.76,0.020192307692307603,21.255,8.354
11/13/2018,41.6,42.44,11,24,7877340.0,20.881,8.207,0.98,-0.0413872832369942,20.881,8.207
11/12/2018,43.25,41.46,11,24,10576009.0,20.399,8.017000000000001,-2.48,-0.027876106194690376,20.399,8.017000000000001
11/9/2018,45.2,43.94,11,94,14422201.0,21.619,8.497,-1.8,-0.1047171657858681,21.619,8.497
11/8/2018,51.09,45.74,11,94,34311196.0,22.504,8.845,-13.12,0.04324707550513998,22.504,8.845
11/7/2018,56.42,58.86,11,94,11827646.0,28.96,11.382,3.24,-0.013829787234042573,28.96,11.382
11/6/2018,56.4,55.62,11,94,5364335.0,27.365,10.755999999999998,-1.23,-0.019151138716356098,27.365,10.755999999999998
11/5/2018,57.96,56.85,11,94,5432411.0,27.971,10.994000000000002,-1.04,0.005907906168549147,27.971,10.994000000000002
11/2/2018,57.55,57.89,11,0,4966540.0,28.482,11.195,0.06,0.0145614035087719,28.482,11.195
11/1/2018,57.0,57.83,11,0,7179657.0,28.453000000000003,11.183,2.23,0.029629629629629655,28.453000000000003,11.183
10/31/2018,54.0,55.6,10,0,5970796.0,27.355999999999998,10.752,3.34,0.051509054325955636,27.355999999999998,10.752
10/30/2018,49.7,52.26,10,0,5603724.0,25.712,10.106,1.79,-0.05592966704077819,25.712,10.106
10/29/2018,53.46,50.47,10,0,5794629.0,24.831999999999997,9.76,-1.35,0.022695875271363696,24.831999999999997,9.76
10/26/2018,50.67,51.82,10,25,9263695.0,25.496,10.021,-0.23,0.016800156280523528,25.496,10.021
10/25/2018,51.19,52.05,10,25,7002336.0,25.609,10.065,1.31,-0.061413244543100265,25.609,10.065
10/24/2018,54.06,50.74,10,25,8156966.0,24.964000000000002,9.812000000000001,-3.35,0.05131195335276969,24.964000000000002,9.812000000000001
10/23/2018,51.45,54.09,10,25,9144114.0,26.613000000000003,10.46,0.18,-0.011369888134971659,26.613000000000003,10.46
10/22/2018,54.53,53.91,10,25,8460426.0,26.524,10.425,-0.18,-0.0884732052578362,26.524,10.425
10/19/2018,59.34,54.09,10,28,8761955.0,26.613000000000003,10.46,-2.92,-0.05487400530503982,26.613000000000003,10.46
10/18/2018,60.32,57.01,10,28,8286088.0,28.049,11.024000000000001,-3.83,-0.06830015313935672,28.049,11.024000000000001
10/17/2018,65.3,60.84,10,28,10876692.0,29.934,11.765,-2.82,0.018397056470964623,29.934,11.765
10/16/2018,62.51,63.66,10,28,7637302.0,31.320999999999998,12.31,1.97,0.024750830564783968,31.320999999999998,12.31
10/15/2018,60.2,61.69,10,28,7870356.0,30.351999999999997,11.929,1.28,0.01631897711978464,30.351999999999997,11.929
10/12/2018,59.44,60.41,10,0,14209240.0,29.721999999999998,11.682,4.33,0.009540954095409561,29.721999999999998,11.682
10/11/2018,55.55,56.08,10,0,9105860.0,27.592,10.845,-0.37,-0.11755510395497884,27.592,10.845
10/10/2018,63.97,56.45,10,0,13585139.0,27.774,10.915999999999999,-8.05,0.0024867889337891916,27.774,10.915999999999999
10/9/2018,64.34,64.5,10,0,5120815.0,31.734,12.472999999999999,-1.14,-0.0024316109422491882,31.734,12.472999999999999
10/8/2018,65.8,65.64,10,0,7326952.0,32.295,12.693,-1.3,0.005105105105105157,32.295,12.693
10/5/2018,66.6,66.94,10,0,8800202.0,32.935,12.945,0.12,-0.06897032186150207,32.935,12.945
10/4/2018,71.77,66.82,10,0,11991555.0,32.876,12.922,-5.75,-0.0013760836658870033,32.876,12.922
10/3/2018,72.67,72.57,10,0,7931578.0,35.705,14.033,0.93,-0.045054652092775205,35.705,14.033
10/2/2018,75.02,71.64,10,0,8319522.0,35.247,13.854000000000001,-4.84,0.022186581128040776,35.247,13.854000000000001
10/1/2018,74.82,76.48,10,0,8453116.0,37.629,14.79,3.45,-0.02025757982291394,37.629,14.79
9/28/2018,74.54,73.03,9,24,4791780.0,36.583,14.122,-1.71,0.013423728813559252,36.583,14.122
9/27/2018,73.75,74.74,9,24,2436938.0,37.439,14.453,1.4,0.0019125683060109365,37.439,14.453
9/26/2018,73.2,73.34,9,24,5238105.0,36.738,14.182,0.31,-0.0009575923392611927,36.738,14.182
9/25/2018,73.1,73.03,9,24,4249800.0,36.583,14.122,-0.04,0.019391741071428378,36.583,14.122
9/24/2018,71.68,73.07,9,24,3890863.0,36.603,14.13,0.62,-0.011596180081855312,36.603,14.13
9/21/2018,73.3,72.45,9,49,5191233.0,36.292,14.01,-0.41,0.025908194874683238,36.292,14.01
9/20/2018,71.02,72.86,9,49,7309533.0,36.497,14.09,2.25,-0.02269896193771627,36.497,14.09
9/19/2018,72.25,70.61,9,49,6043224.0,35.37,13.654000000000002,-1.46,0.031044349070099963,35.37,13.654000000000002
9/18/2018,69.9,72.07,9,49,7312071.0,36.102,13.937000000000001,2.32,-0.01635876463122263,36.102,13.937000000000001
9/17/2018,70.91,69.75,9,49,3945942.0,34.94,13.488,-1.37,0.004519774011299539,34.94,13.488
9/14/2018,70.8,71.12,9,49,4626628.0,35.626,13.753,0.51,0.008714285714285706,35.626,13.753
9/13/2018,70.0,70.61,9,49,5469639.0,35.37,13.654000000000002,-0.33,-0.0008450704225352433,35.37,13.654000000000002
9/12/2018,71.0,70.94,9,49,9000732.0,35.536,13.718,-0.04,0.024242424242424343,35.536,13.718
9/11/2018,69.3,70.98,9,49,8278404.0,35.556,13.725999999999999,2.27,0.03323308270676682,35.556,13.725999999999999
9/10/2018,66.5,68.71,9,49,12169365.0,34.419000000000004,13.287,3.48,0.039521912350597675,34.419000000000004,13.287
9/7/2018,62.75,65.23,9,0,7759832.0,32.675,12.614,1.63,0.037012881134844335,32.675,12.614
9/6/2018,61.33,63.6,9,0,5510603.0,31.859,12.299000000000001,2.25,-0.02711703139866795,31.859,12.299000000000001
9/5/2018,63.06,61.35,9,0,7545589.0,30.732,11.864,-1.85,0.04393789230260991,30.732,11.864
9/4/2018,60.54,63.2,9,0,8341540.0,31.658,12.220999999999998,1.855,-0.014576776544641304,31.658,12.220999999999998
8/31/2018,60.37,59.49,8,28,4753809.0,29.8,11.504000000000001,-1.19,0.018804566823371345,29.8,11.504000000000001
8/30/2018,59.56,60.68,8,28,6768059.0,30.396,11.734000000000002,0.76,0.014046369944152957,30.396,11.734000000000002
8/29/2018,59.09,59.92,8,28,16081212.0,30.015,11.587,-3.07,-0.017469973483075923,30.015,11.587
8/28/2018,64.11,62.99,8,28,6333641.0,31.553,12.181,-1.11,0.0015624999999999112,31.553,12.181
8/27/2018,64.0,64.1,8,28,9602865.0,32.109,12.395999999999999,0.84,0.043033800494641374,32.109,12.395999999999999
8/24/2018,60.65,63.26,8,0,9610001.0,31.689,12.232999999999999,3.17,0.0004995004995005184,31.689,12.232999999999999
8/23/2018,60.06,60.09,8,0,10870940.0,30.101,11.62,0.4,0.023491083676268818,30.101,11.62
8/22/2018,58.32,59.69,8,0,9049827.0,29.9,11.543,0.94,0.0253054101221641,29.9,11.543
8/21/2018,57.3,58.75,8,0,11242273.0,29.429000000000002,11.360999999999999,1.72,0.021493820526598654,29.429000000000002,11.360999999999999
8/20/2018,55.83,57.03,8,0,7103735.0,28.568,11.027999999999999,0.96,-0.016315789473684207,28.568,11.027999999999999
8/17/2018,57.0,56.07,8,0,5317273.0,28.087,10.843,-0.98,0.0282984859408796,28.087,10.843
8/16/2018,55.48,57.05,8,0,10184490.0,28.578000000000003,11.032,2.54,-0.014642082429501126,28.578000000000003,11.032
8/15/2018,55.32,54.51,8,0,7859559.0,27.305,10.540999999999999,-1.28,0.0,27.305,10.540999999999999
8/14/2018,55.79,55.79,8,0,11713240.0,27.947,10.789000000000001,0.41,-0.04550155118924509,27.947,10.789000000000001
8/13/2018,58.02,55.38,8,0,15178059.0,27.741,10.709000000000001,-2.67,0.03071732954545449,27.741,10.709000000000001
8/10/2018,56.32,58.05,8,54,22385630.0,29.079,11.225999999999999,0.73,0.08560606060606067,29.079,11.225999999999999
8/9/2018,52.8,57.32,8,54,39487432.0,28.713,11.084000000000001,10.07,-0.005053695514845272,28.713,11.084000000000001
8/8/2018,47.49,47.25,8,54,13054991.0,23.669,9.137,-0.17,-0.022268041237113366,23.669,9.137
8/7/2018,48.5,47.42,8,54,3941825.0,23.754,9.17,-0.43,0.019386450788240386,23.754,9.17
8/6/2018,46.94,47.85,8,54,4330653.0,23.969,9.253,1.38,-0.001504082509669108,23.969,9.253
8/3/2018,46.54,46.47,8,0,2989237.0,23.278000000000002,8.986,0.01,0.030155210643015507,23.278000000000002,8.986
8/2/2018,45.1,46.46,8,0,2399655.0,23.273000000000003,8.984,0.81,0.0037379067722076017,23.273000000000003,8.984
8/1/2018,45.48,45.65,8,0,2441139.0,22.866999999999997,8.828,0.23,0.02320342419463846,22.866999999999997,8.828
7/31/2018,44.39,45.42,7,0,4753173.0,22.752,8.783,1.11,-0.06715789473684206,22.752,8.783
7/30/2018,47.5,44.31,7,0,6466041.0,22.195999999999998,8.568999999999999,-3.23,-0.027613008795254683,22.195999999999998,8.568999999999999
7/27/2018,48.89,47.54,7,0,3229792.0,23.814,9.193,-1.1,0.013122266194542858,23.814,9.193
7/26/2018,48.01,48.64,7,0,3075448.0,24.365,9.406,-0.07,0.03594215227562734,24.365,9.406
7/25/2018,47.02,48.71,7,0,5351565.0,24.4,9.419,1.8,-0.06217512994802092,24.4,9.419
7/24/2018,50.02,46.91,7,0,11126882.0,23.498,9.071,-2.83,-0.029652750682793525,23.498,9.071
7/23/2018,51.26,49.74,7,0,7900448.0,24.916,9.619,-0.03,-0.000602409638554097,24.916,9.619
7/20/2018,49.8,49.77,7,42,4561611.0,24.930999999999997,9.624,-0.02,0.005858585858585842,24.930999999999997,9.624
7/19/2018,49.5,49.79,7,42,4174765.0,24.941,9.628,0.29,-0.03187952278505774,24.941,9.628
7/18/2018,51.13,49.5,7,42,7600440.0,24.796,9.572000000000001,-1.89,0.08877118644067791,24.796,9.572000000000001
7/17/2018,47.2,51.39,7,42,9910670.0,25.743000000000002,9.937999999999999,3.13,-0.005153576582148011,25.743000000000002,9.937999999999999
7/16/2018,48.51,48.26,7,42,5685442.0,24.175,9.332,-0.5,0.013089549137751826,24.175,9.332
7/13/2018,48.13,48.76,7,0,7995544.0,24.425,9.429,0.45,0.04499242915855517,24.425,9.429
7/12/2018,46.23,48.31,7,0,6107598.0,24.2,9.342,2.4,0.009454705364995597,24.2,9.342
7/11/2018,45.48,45.91,7,0,3825326.0,22.997,8.878,-0.08,-0.008836206896551652,22.997,8.878
7/10/2018,46.4,45.99,7,0,4687633.0,23.038,8.892999999999999,-0.34,-0.01697432633142381,23.038,8.892999999999999
7/9/2018,47.13,46.33,7,0,6654344.0,23.208000000000002,8.959,-0.37,0.03777777777777784,23.208000000000002,8.959
7/6/2018,45.0,46.7,7,0,6260217.0,23.393,9.031,1.29,-0.006997594576864209,23.393,9.031
7/5/2018,45.73,45.41,7,0,7551759.0,22.747,8.781,-0.065,0.00485436893203881,22.747,8.781
7/3/2018,45.32,45.54,7,0,12093347.0,22.811999999999998,8.806000000000001,2.25,0.03713464302827017,22.811999999999998,8.806000000000001
7/2/2018,41.74,43.29,7,0,3869249.0,21.685,8.371,0.67,0.017183770883054866,21.685,8.371
6/29/2018,41.9,42.62,6,0,3748474.0,22.378,8.242,1.0,0.011175898931000993,22.378,8.242
6/28/2018,41.16,41.62,6,0,6351860.0,21.853,8.048,0.2,-0.07171671896010748,21.853,8.048
6/27/2018,44.62,41.42,6,0,7715205.0,21.748,8.01,-2.57,0.04291133238501665,21.748,8.01
6/26/2018,42.18,43.99,6,0,5184763.0,23.096999999999998,8.507,1.98,-0.04825555052106938,23.096999999999998,8.507
6/25/2018,44.14,42.01,6,0,7337617.0,22.058000000000003,8.124,-2.7,-0.025925925925925877,22.058000000000003,8.124
6/22/2018,45.9,44.71,6,0,10590919.0,23.475,8.646,-0.66,-0.038771186440678077,23.475,8.646
6/21/2018,47.2,45.37,6,0,9306088.0,23.822,8.774,-1.38,0.018296667392724973,23.822,8.774
6/20/2018,45.91,46.75,6,0,8876479.0,24.546999999999997,9.04,1.48,0.021896162528216842,24.546999999999997,9.04
6/19/2018,44.3,45.27,6,0,8568991.0,23.77,8.754,0.34,0.04488372093023255,23.77,8.754
6/18/2018,43.0,44.93,6,0,9400398.0,23.590999999999998,8.687999999999999,1.63,-0.015685383041600474,23.590999999999998,8.687999999999999
6/15/2018,43.99,43.3,6,39,10678610.0,22.735,8.373,-1.72,0.020398912058023702,22.735,8.373
6/14/2018,44.12,45.02,6,39,17120432.0,23.638,8.706,1.59,0.041986564299424184,23.638,8.706
6/13/2018,41.68,43.43,6,39,15160750.0,22.803,8.398,1.97,-0.008608321377331406,22.803,8.398
6/12/2018,41.82,41.46,6,39,7289539.0,21.769000000000002,8.017000000000001,0.0,0.045385779122541714,21.769000000000002,8.017000000000001
6/11/2018,39.66,41.46,6,39,12357835.0,21.769000000000002,8.017000000000001,2.22,0.0051229508196722045,21.769000000000002,8.017000000000001
6/8/2018,39.04,39.24,6,0,4448194.0,20.603,7.587999999999999,-0.33,0.016178736517719634,20.603,7.587999999999999
6/7/2018,38.94,39.57,6,0,6494310.0,20.776999999999997,7.652,0.12,-0.013749999999999929,20.776999999999997,7.652
6/6/2018,40.0,39.45,6,0,8130791.0,20.714000000000002,7.629,-0.81,0.05863791743360496,20.714000000000002,7.629
6/5/2018,38.03,40.26,6,0,10949206.0,21.139,7.785,2.23,0.017661225582017763,21.139,7.785
6/4/2018,37.37,38.03,6,0,5655570.0,19.968,7.354,0.96,-0.012782956058588466,19.968,7.354
6/1/2018,37.55,37.07,6,0,6991263.0,19.464000000000002,7.169,-0.39,-0.01937172774869115,19.464000000000002,7.169
5/31/2018,38.2,37.46,5,0,4160117.0,19.669,7.244,-0.99,-0.012076053442959887,19.669,7.244
5/30/2018,38.92,38.45,5,0,7371784.0,20.189,7.435,-0.15,-0.013040143185885911,20.189,7.435
5/29/2018,39.11,38.6,5,0,13802296.0,20.267,7.4639999999999995,0.03,0.0687742651136993,20.267,7.4639999999999995
5/25/2018,36.06,38.54,5,26,21203420.0,20.236,7.452999999999999,2.55,0.03957250144425201,20.236,7.452999999999999
5/24/2018,34.62,35.99,5,26,5706642.0,18.897000000000002,6.96,1.44,0.024310702638600662,18.897000000000002,6.96
5/23/2018,33.73,34.55,5,26,2368455.0,18.141,6.681,0.51,-0.029923055001425027,18.141,6.681
5/22/2018,35.09,34.04,5,26,3353656.0,17.873,6.582999999999999,-0.7,-0.04560439560439551,17.873,6.582999999999999
5/21/2018,36.4,34.74,5,26,4808681.0,18.241,6.718,-0.66,0.011428571428571389,18.241,6.718
5/18/2018,35.0,35.4,5,25,6855008.0,18.587,6.846,1.14,0.006167400881057294,18.587,6.846
5/17/2018,34.05,34.26,5,25,2639807.0,17.989,6.625,-0.18,0.012941176470588168,17.989,6.625
5/16/2018,34.0,34.44,5,25,2364831.0,18.083,6.66,0.36,-0.026285714285714336,18.083,6.66
5/15/2018,35.0,34.08,5,25,4964961.0,17.894000000000002,6.59,-1.22,-0.0045121263395376116,17.894000000000002,6.59
5/14/2018,35.46,35.3,5,25,5932360.0,18.535,6.8260000000000005,0.16,0.04087677725118491,18.535,6.8260000000000005
5/11/2018,33.76,35.14,5,27,12678153.0,18.451,6.795,-0.32,-0.07415143603133151,18.451,6.795
5/10/2018,38.3,35.46,5,27,30801964.0,18.619,6.857,-0.62,0.04944735311227445,18.619,6.857
5/9/2018,34.38,36.08,5,27,21384696.0,18.944000000000003,6.977,2.96,-0.020987289388117083,18.944000000000003,6.977
5/8/2018,33.83,33.12,5,27,5501023.0,17.39,6.405,-0.05,0.03818466353677629,17.39,6.405
5/7/2018,31.95,33.17,5,27,6006650.0,17.416,6.414,1.62,0.014469453376205765,17.416,6.414
5/4/2018,31.1,31.55,5,0,5104481.0,16.566,6.101,0.53,-0.060569351907934686,16.566,6.101
5/3/2018,33.02,31.02,5,0,5824355.0,16.287,5.999,-2.34,0.01738334858188473,16.287,5.999
5/2/2018,32.79,33.36,5,0,2645934.0,17.516,6.4510000000000005,0.39,0.0182211241507102,17.516,6.4510000000000005
5/1/2018,32.38,32.97,5,0,2133090.0,17.311,6.376,0.43,-0.006715506715506681,17.311,6.376
4/30/2018,32.76,32.54,4,0,1640778.0,17.085,6.292999999999999,-0.16,-0.007587253414264036,17.085,6.292999999999999
4/27/2018,32.95,32.7,4,0,1211023.0,17.169,6.3229999999999995,-0.21,0.024595267745952654,17.169,6.3229999999999995
4/26/2018,32.12,32.91,4,0,2175239.0,17.28,6.364,1.03,-0.016352977476087556,17.28,6.364
4/25/2018,32.41,31.88,4,0,1668360.0,16.739,6.165,-0.52,-0.0018484288354899037,16.739,6.165
4/24/2018,32.46,32.4,4,0,2892759.0,17.012,6.265,0.13,-0.007992622194896958,17.012,6.265
4/23/2018,32.53,32.27,4,0,2114107.0,16.944000000000003,6.24,-0.3,-0.001226617601962562,16.944000000000003,6.24
4/20/2018,32.61,32.57,4,0,5022151.0,17.101,6.297999999999999,-0.13,0.014267990074441713,17.101,6.297999999999999
4/19/2018,32.24,32.7,4,0,7067871.0,17.169,6.3229999999999995,0.98,-0.08164447017950204,17.169,6.3229999999999995
4/18/2018,34.54,31.72,4,0,15597778.0,16.655,6.1339999999999995,-4.26,0.017821782178217692,16.655,6.1339999999999995
4/17/2018,35.35,35.98,4,0,13923158.0,18.892,6.957999999999999,2.96,0.004257907542579093,18.892,6.957999999999999
4/16/2018,32.88,33.02,4,0,2325614.0,17.338,6.385,0.33,-0.03654582964927799,17.338,6.385
4/13/2018,33.93,32.69,4,0,1926837.0,17.164,6.322,-1.0,0.04627329192546568,17.164,6.322
4/12/2018,32.2,33.69,4,0,2354044.0,17.689,6.515,1.68,0.002819548872180335,17.689,6.515
4/11/2018,31.92,32.01,4,0,1673911.0,16.807000000000002,6.19,-0.26,-0.03238380809595197,16.807000000000002,6.19
4/10/2018,33.35,32.27,4,0,3197347.0,16.944000000000003,6.24,-0.34,0.041187739463601505,16.944000000000003,6.24
4/9/2018,31.32,32.61,4,0,2090847.0,17.122,6.306,1.25,0.009658725048293649,17.122,6.306
4/6/2018,31.06,31.36,4,25,1364921.0,16.465999999999998,6.064,-0.4,-0.03082087274946602,16.465999999999998,6.064
4/5/2018,32.77,31.76,4,25,3095553.0,16.676,6.142,-0.51,0.11160868067516369,16.676,6.142
4/4/2018,29.03,32.27,4,25,3211625.0,16.944000000000003,6.24,1.98,-0.02195673232160154,16.944000000000003,6.24
4/3/2018,30.97,30.29,4,25,4481721.0,15.904000000000002,5.857,-0.04,-0.007850834151128623,15.904000000000002,5.857
4/2/2018,30.57,30.33,4,25,3253472.0,15.925,5.865,-0.385,-0.007657945118059937,15.925,5.865
3/29/2018,31.34,31.1,3,0,6457873.0,20.250999999999998,6.013999999999999,-0.2,-0.05380894800483669,20.250999999999998,6.013999999999999
3/28/2018,33.08,31.3,3,0,5184730.0,20.381,6.053,-1.7,-0.016393442622950737,20.381,6.053
3/27/2018,33.55,33.0,3,0,9532729.0,21.488000000000003,6.381,-1.59,0.05296803652968042,21.488000000000003,6.381
3/26/2018,32.85,34.59,3,0,5476389.0,22.523000000000003,6.689,2.53,-0.02612393681652489,22.523000000000003,6.689
3/23/2018,32.92,32.06,3,0,3171492.0,20.875999999999998,6.2,-1.45,-0.0008944543828265098,20.875999999999998,6.2
3/22/2018,33.54,33.51,3,0,2607673.0,21.82,6.48,-0.74,-0.007246376811594203,21.82,6.48
3/21/2018,34.5,34.25,3,0,1748759.0,22.302,6.622999999999999,-0.48,-0.018094430308170782,22.302,6.622999999999999
3/20/2018,35.37,34.73,3,0,3663666.0,22.615,6.716,0.88,-0.044864559819412994,22.615,6.716
3/19/2018,35.44,33.85,3,0,3583076.0,22.041999999999998,6.546,-2.01,-0.003888888888888905,22.041999999999998,6.546
3/16/2018,36.0,35.86,3,0,1900717.0,23.35,6.935,-0.41,-0.014669926650366724,23.35,6.935
3/15/2018,36.81,36.27,3,0,2982607.0,23.616999999999997,7.013999999999999,-0.66,-0.007258064516129116,23.616999999999997,7.013999999999999
3/14/2018,37.2,36.93,3,0,2167140.0,24.046999999999997,7.141,-0.44,-0.007963897000265577,24.046999999999997,7.141
3/13/2018,37.67,37.37,3,0,3752647.0,24.334,7.227,-0.5,-0.013802083333333364,24.334,7.227
3/12/2018,38.4,37.87,3,0,3154539.0,24.659000000000002,7.3229999999999995,-0.63,-0.007731958762886525,24.659000000000002,7.3229999999999995
3/9/2018,38.8,38.5,3,0,1891854.0,25.069000000000003,7.445,-0.19,-0.013010204081632783,25.069000000000003,7.445
3/8/2018,39.2,38.69,3,0,1868880.0,25.193,7.482,-0.2,0.029925847457627188,25.193,7.482
3/7/2018,37.76,38.89,3,0,2092186.0,25.323,7.52,0.31,-0.030653266331658265,25.323,7.52
3/6/2018,39.8,38.58,3,0,2702716.0,25.122,7.461,-0.42,0.03723404255319145,25.122,7.461
3/5/2018,37.6,39.0,3,0,3303154.0,25.395,7.542000000000001,1.43,-0.01416950931514036,25.395,7.542000000000001
3/2/2018,38.11,37.57,3,27,3630697.0,24.464000000000002,7.265,-1.15,-0.037055458841084354,24.464000000000002,7.265
3/1/2018,40.21,38.72,3,27,4438023.0,25.213,7.4879999999999995,-2.05,-0.00802919708029193,25.213,7.4879999999999995
2/28/2018,41.1,40.77,2,27,2159617.0,26.548000000000002,7.8839999999999995,-0.14,0.015136476426798995,26.548000000000002,7.8839999999999995
2/27/2018,40.3,40.91,2,27,3080949.0,26.639,7.9110000000000005,0.47,-0.032998565279770506,26.639,7.9110000000000005
2/26/2018,41.82,40.44,2,27,5135042.0,26.333000000000002,7.82,-1.08,-0.03261882572227397,26.333000000000002,7.82
2/23/2018,42.92,41.52,2,64,6155164.0,27.035999999999998,8.029,-0.53,0.041099282000495084,27.035999999999998,8.029
2/22/2018,40.39,42.05,2,64,24022572.0,27.381,8.132,-9.05,-0.017874303286565436,27.381,8.132
2/21/2018,52.03,51.1,2,64,12715582.0,33.274,9.882,-0.08,0.014469772051536111,33.274,9.882
2/20/2018,50.45,51.18,2,64,7554968.0,33.326,9.897,1.525,0.0554824561403509,33.326,9.897
2/16/2018,45.6,48.13,2,24,6183410.0,31.34,9.307,2.49,-0.0034934497816593146,31.34,9.307
2/15/2018,45.8,45.64,2,24,2061708.0,29.719,8.826,0.79,0.04423748544819554,29.719,8.826
2/14/2018,42.95,44.85,2,24,3434127.0,29.204,8.673,1.83,0.01894836570345818,29.204,8.673
2/13/2018,42.22,43.02,2,24,1278119.0,28.013,8.318999999999999,-0.21,-0.007575757575757699,28.013,8.318999999999999
2/12/2018,43.56,43.23,2,24,1967379.0,28.149,8.36,0.77,-0.05644444444444442,28.149,8.36
2/9/2018,45.0,42.46,2,0,3590670.0,27.648000000000003,8.211,-1.24,-0.05082536924413546,27.648000000000003,8.211
2/8/2018,46.04,43.7,2,0,5320436.0,28.455,8.451,-1.99,0.06927217411654578,28.455,8.451
2/7/2018,42.73,45.69,2,0,4760397.0,29.750999999999998,8.835,3.79,0.07408356831581647,29.750999999999998,8.835
2/6/2018,39.01,41.9,2,0,2636989.0,27.283,8.103,1.73,0.00500375281461103,27.283,8.103
2/5/2018,39.97,40.17,2,0,2848181.0,26.156999999999996,7.768,-0.29,-0.0027113630761646398,26.156999999999996,7.768
2/2/2018,40.57,40.46,2,0,2846383.0,26.346,7.824,0.54,-0.010656753407682767,26.346,7.824
2/1/2018,40.35,39.92,2,0,2521689.0,25.994,7.72,-0.7,-0.039716312056737584,25.994,7.72
1/31/2018,42.3,40.62,1,0,2245854.0,26.45,7.855,-0.9,0.006545454545454622,26.45,7.855
1/30/2018,41.25,41.52,1,0,2807173.0,27.035999999999998,8.029,-0.84,0.002603550295857975,27.035999999999998,8.029
1/29/2018,42.25,42.36,1,0,1795846.0,27.583000000000002,8.191,-0.55,-0.03268710550045092,27.583000000000002,8.191
1/26/2018,44.36,42.91,1,24,3280543.0,27.941,8.298,-1.19,0.029171528588098017,27.941,8.298
1/25/2018,42.85,44.1,1,24,3933358.0,28.715999999999998,8.527999999999999,1.85,-0.027394106813996264,28.715999999999998,8.527999999999999
1/24/2018,43.44,42.25,1,24,3546287.0,27.511,8.17,-0.37,-0.06617002629272575,27.511,8.17
1/23/2018,45.64,42.62,1,24,8382081.0,27.752,8.242,-1.0,0.08778054862842882,27.752,8.242
1/22/2018,40.1,43.62,1,24,5429555.0,28.403000000000002,8.435,3.4,-0.009603545924649116,28.403000000000002,8.435
1/19/2018,40.61,40.22,1,0,1967863.0,26.189,7.778,-0.54,-0.010679611650485553,26.189,7.778
1/18/2018,41.2,40.76,1,0,2728936.0,26.541,7.882000000000001,-0.78,0.052444894856853316,26.541,7.882000000000001
1/17/2018,39.47,41.54,1,0,6603145.0,27.049,8.033,2.35,-0.09721262381939644,27.049,8.033
1/16/2018,43.41,39.19,1,0,7956518.0,25.519000000000002,7.577999999999999,-2.095,-0.025168539325842638,25.519000000000002,7.577999999999999
1/12/2018,44.5,43.38,1,27,3724498.0,28.247,8.389,-0.49,-0.025111111111111167,28.247,8.389
1/11/2018,45.0,43.87,1,27,3332324.0,28.566,8.482999999999999,-0.84,0.034953703703703654,28.566,8.482999999999999
1/10/2018,43.2,44.71,1,27,5157043.0,29.113000000000003,8.646,-0.02,-0.04320855614973269,29.113000000000003,8.646
1/9/2018,46.75,44.73,1,27,7244491.0,29.125999999999998,8.65,-2.74,0.051617190961453216,29.125999999999998,8.65
1/8/2018,45.14,47.47,1,27,12031446.0,30.91,9.18,1.19,,,
