Date,Open,Close,Month Number,Weekly Mentions,Volume,PB,PS,MOA,Unnamed: 5,Unnamed: 6,Unnamed: 7,Unnamed: 8,price change,ShiftedPB,ShiftedPS
12/31/2019,31.86,32.05,24,17,11055160.0,2.8710000000000004,7.223,1.66,,,,,-0.01415820252385352,2.8710000000000004,7.223
12/30/2019,32.49,32.03,24,17,9402711.0,2.952,7.393,1.73,,,,,-0.00610687022900772,2.952,7.393
12/27/2019,32.75,32.55,24,18,10412931.0,3.0,7.513,2.0,,,,,0.0012273703590058038,3.0,7.513
12/26/2019,32.59,32.63,24,18,9807822.0,3.008,7.531000000000001,2.79,,,,,0.0018495684340321295,3.008,7.531000000000001
12/24/2019,32.44,32.5,24,18,4290460.0,2.9960000000000004,7.501,2.31,,,,,0.009337068160597484,2.9960000000000004,7.501
12/23/2019,32.13,32.43,24,18,13991866.0,2.989,7.485,2.39,,,,,0.00031133250311348435,2.989,7.485
12/20/2019,32.12,32.13,24,0,21859644.0,2.9619999999999997,7.416,2.13,,,,,0.008818897637795312,2.9619999999999997,7.416
12/19/2019,31.75,32.03,24,0,19906716.0,2.952,7.393,2.06,,,,,0.03225806451612898,2.952,7.393
12/18/2019,30.69,31.68,24,0,19051476.0,2.92,7.312,1.26,,,,,-0.01190859349855169,2.92,7.312
12/17/2019,31.07,30.7,24,0,11911259.0,2.83,7.086,-0.21,,,,,0.014744429882044538,2.83,7.086
12/16/2019,30.52,30.97,24,0,15862114.0,2.855,7.148,-0.07,,,,,0.004960317460317531,2.855,7.148
12/13/2019,30.24,30.39,24,16,12844529.0,2.801,7.013999999999999,-0.78,,,,,-0.005579258286839454,2.801,7.013999999999999
12/12/2019,30.47,30.3,24,16,18921528.0,2.793,6.994,-0.66,,,,,0.02003338898163611,2.793,6.994
12/11/2019,29.95,30.55,24,16,11013913.0,2.8160000000000003,7.051,0.01,,,,,-0.01290109163083032,2.8160000000000003,7.051
12/10/2019,30.23,29.84,24,16,12375761.0,2.7510000000000003,6.8870000000000005,-0.19,,,,,0.0029880478087649354,2.7510000000000003,6.8870000000000005
12/9/2019,30.12,30.21,24,16,10062268.0,2.785,6.973,0.42,,,,,-0.005271828665568373,2.785,6.973
12/6/2019,30.35,30.19,24,31,10877458.0,2.783,6.968,1.02,,,,,-0.001329787234042525,2.783,6.968
12/5/2019,30.08,30.04,24,31,11069841.0,2.7689999999999997,6.934,0.6,,,,,-0.0059642147117296125,2.7689999999999997,6.934
12/4/2019,30.18,30.0,24,31,9778965.0,2.765,6.9239999999999995,0.51,,,,,0.0010020040080159513,2.765,6.9239999999999995
12/3/2019,29.94,29.97,24,31,16559336.0,2.763,6.917000000000001,0.72,,,,,-0.015852474927207972,2.763,6.917000000000001
12/2/2019,30.91,30.42,24,31,14550075.0,2.804,7.021,1.53,,,,,-0.0064288010286081415,2.804,7.021
11/29/2019,31.11,30.91,23,0,7814538.0,2.8489999999999998,7.1339999999999995,1.83,,,,,0.005483870967741991,2.8489999999999998,7.1339999999999995
11/27/2019,31.0,31.17,23,0,14190189.0,2.873,7.194,1.83,,,,,0.012757605495583925,2.873,7.194
11/26/2019,30.57,30.96,23,0,16356423.0,2.8539999999999996,7.146,1.75,,,,,0.013607699966810494,2.8539999999999996,7.146
11/25/2019,30.13,30.54,23,0,14050926.0,2.815,7.0489999999999995,1.49,,,,,0.00535654502845665,2.815,7.0489999999999995
11/22/2019,29.87,30.03,23,16,14188275.0,2.7680000000000002,6.931,0.49,,,,,0.02020547945205479,2.7680000000000002,6.931
11/21/2019,29.2,29.79,23,16,24304440.0,2.7460000000000004,6.876,-0.02,,,,,-0.004436860068259351,2.7460000000000004,6.876
11/20/2019,29.3,29.17,23,16,14289029.0,2.6889999999999996,6.733,-0.88,,,,,-0.006076975016880476,2.6889999999999996,6.733
11/19/2019,29.62,29.44,23,16,9962480.0,2.714,6.795,-0.18,,,,,0.008549931600547196,2.714,6.795
11/18/2019,29.24,29.49,23,16,14537556.0,2.718,6.807,-0.48,,,,,0.006884681583476739,2.718,6.807
11/15/2019,29.05,29.25,23,31,12170598.0,2.696,6.751,-0.61,,,,,-0.009259259259259245,2.696,6.751
11/14/2019,29.16,28.89,23,31,13714694.0,2.6630000000000003,6.667999999999999,-0.96,,,,,0.00137741046831953,2.6630000000000003,6.667999999999999
11/13/2019,29.04,29.08,23,31,9316396.0,2.68,6.712000000000001,-0.98,,,,,-0.010558583106266986,2.68,6.712000000000001
11/12/2019,29.36,29.05,23,31,15144150.0,2.678,6.705,-1.25,,,,,0.007209062821833191,2.678,6.705
11/11/2019,29.13,29.34,23,31,9693171.0,2.7039999999999997,6.772,-1.41,,,,,0.001714677640603591,2.7039999999999997,6.772
11/8/2019,29.16,29.21,23,16,10624448.0,2.6919999999999997,6.742000000000001,-9.62,,,,,0.0017241379310345072,2.6919999999999997,6.742000000000001
11/7/2019,29.0,29.05,23,16,22740598.0,2.678,6.705,-9.76,,,,,-0.010385259631490862,2.678,6.705
11/6/2019,29.85,29.54,23,16,15313793.0,2.7230000000000003,6.818,-10.55,,,,,-0.012586949320967293,2.7230000000000003,6.818
11/5/2019,30.19,29.81,23,16,16645852.0,2.748,6.881,-9.18,,,,,0.009405441719852239,2.748,6.881
11/4/2019,29.77,30.05,23,16,20340172.0,2.77,6.936,-9.56,,,,,-0.011348464619492652,2.77,6.936
11/1/2019,29.96,29.62,23,32,22716680.0,2.73,6.837000000000001,-10.29,,,,,0.0169664065151001,2.73,6.837000000000001
10/31/2019,29.47,29.97,22,32,36865132.0,2.763,6.917000000000001,-10.31,,,,,-0.009618573797678248,2.763,6.917000000000001
10/30/2019,30.15,29.86,22,32,25518730.0,2.752,6.892,-9.92,,,,,-0.004999999999999952,2.752,6.892
10/29/2019,30.0,29.85,22,32,20674782.0,2.7510000000000003,6.89,-10.51,,,,,-0.014426229508196763,2.7510000000000003,6.89
10/28/2019,30.5,30.06,22,32,29893916.0,2.7710000000000004,6.938,-9.48,,,,,-0.01846452866861031,2.7710000000000004,6.938
10/25/2019,30.87,30.3,22,96,43837196.0,2.793,6.994,-9.2,,,,,-0.03483992467043313,2.793,6.994
10/24/2019,31.86,30.75,22,96,106271088.0,2.8339999999999996,7.097,-8.95,,,,,-0.004103616311874934,2.8339999999999996,7.097
10/23/2019,38.99,38.83,22,96,20530728.0,3.5789999999999997,8.962,-1.97,,,,,-0.04125494071146232,3.5789999999999997,8.962
10/22/2019,40.48,38.81,22,96,13082856.0,3.577,8.958,-1.55,,,,,0.01880559085133423,3.577,8.958
10/21/2019,39.35,40.09,22,96,9570554.0,3.695,9.253,0.09,,,,,-0.017636684303350865,3.695,9.253
10/18/2019,39.69,38.99,22,0,12593948.0,3.594,8.999,-0.71,,,,,-0.012711864406779612,3.594,8.999
10/17/2019,40.12,39.61,22,0,7194894.0,3.6510000000000002,9.142000000000001,-0.64,,,,,-0.002499375156210983,3.6510000000000002,9.142000000000001
10/16/2019,40.01,39.91,22,0,8413587.0,3.679,9.212,-1.29,,,,,0.01820020222446913,3.679,9.212
10/15/2019,39.56,40.28,22,0,7751263.0,3.713,9.297,-1.07,,,,,-0.013392857142857121,3.713,9.297
10/14/2019,40.32,39.78,22,0,6460851.0,3.667,9.182,-2.66,,,,,0.011782401604412105,3.667,9.182
10/11/2019,39.89,40.36,22,16,9283524.0,3.72,9.316,-2.14,,,,,0.0050838840874426975,3.72,9.316
10/10/2019,39.34,39.54,22,16,6831719.0,3.645,9.126,-1.88,,,,,-0.012253063265816504,3.645,9.126
10/9/2019,39.99,39.5,22,16,8077170.0,3.641,9.117,-3.88,,,,,-0.01756990843850517,3.641,9.117
10/8/2019,40.41,39.7,22,16,8003323.0,3.659,9.163,-3.53,,,,,0.013916500994035665,3.659,9.163
10/7/2019,40.24,40.8,22,16,6614109.0,3.761,9.417,-2.13,,,,,0.0,3.761,9.417
10/4/2019,40.36,40.36,22,16,6321528.0,3.72,9.316,-2.88,,,,,0.010356150543066343,3.72,9.316
10/3/2019,39.59,40.0,22,16,13662706.0,3.687,9.232000000000001,-3.24,,,,,-0.010468594217347822,3.687,9.232000000000001
10/2/2019,40.12,39.7,22,16,10182492.0,3.659,9.163,-3.06,,,,,-0.025895450145208138,3.659,9.163
10/1/2019,41.32,40.25,22,16,9471078.0,3.71,9.29,-2.38,,,,,-0.006271104679208828,3.71,9.29
9/30/2019,41.46,41.2,21,16,8116140.0,3.798,9.509,-2.0,,,,,-0.027058823529411732,3.798,9.509
9/27/2019,42.5,41.35,21,16,11941098.0,3.827,9.692,-1.9,,,,,0.0014157621519583568,3.827,9.692
9/26/2019,42.38,42.44,21,16,5996251.0,3.928,9.948,-0.81,,,,,0.02384967477716218,3.928,9.948
9/25/2019,41.51,42.5,21,16,9829286.0,3.9339999999999997,9.962,-1.76,,,,,-0.05239075726378401,3.9339999999999997,9.962
9/24/2019,43.71,41.42,21,16,16367766.0,3.8339999999999996,9.709,-4.0,,,,,0.0020790020790021576,3.8339999999999996,9.709
9/23/2019,43.29,43.38,21,16,10022210.0,4.015,10.168,-1.92,,,,,0.0016218721037998213,4.015,10.168
9/20/2019,43.16,43.23,21,16,19430882.0,4.001,10.133,-0.13,,,,,-0.00601991201667048,4.001,10.133
9/19/2019,43.19,42.93,21,16,7420515.0,3.9739999999999998,10.062999999999999,0.97,,,,,0.0006942837306179388,3.9739999999999998,10.062999999999999
9/18/2019,43.21,43.24,21,16,7866682.0,4.002,10.135,0.935,,,,,0.007925407925408004,4.002,10.135
9/17/2019,42.9,43.24,21,16,8702119.0,4.002,10.135,0.59,,,,,0.008490566037735837,4.002,10.135
9/16/2019,42.4,42.76,21,16,6187891.0,3.958,10.023,0.27,,,,,-0.012050984936268739,3.958,10.023
9/13/2019,43.15,42.63,21,32,8059593.0,3.946,9.992,0.95,,,,,-0.01279707495429605,3.946,9.992
9/12/2019,43.76,43.2,21,32,8251661.0,3.9989999999999997,10.126,1.06,,,,,-0.006888633754305332,3.9989999999999997,10.126
9/11/2019,43.55,43.25,21,32,7861181.0,4.003,10.138,1.81,,,,,-0.014806378132118419,4.003,10.138
9/10/2019,43.9,43.25,21,32,14040139.0,4.003,10.138,2.25,,,,,-0.029385964912280776,4.003,10.138
9/9/2019,45.6,44.26,21,32,14547404.0,4.0969999999999995,10.374,2.08,,,,,0.004422821760283123,4.0969999999999995,10.374
9/6/2019,45.22,45.42,21,16,13108529.0,4.204,10.645999999999999,2.62,,,,,0.03471904979442659,4.204,10.645999999999999
9/5/2019,43.78,45.3,21,16,19355980.0,4.1930000000000005,10.618,3.01,,,,,0.020475405977877087,4.1930000000000005,10.618
9/4/2019,42.49,43.36,21,16,11590139.0,4.013,10.164,1.66,,,,,-0.009910335063709336,4.013,10.164
9/3/2019,42.38,41.96,21,16,16176351.0,3.884,9.835,1.38,,,,,-0.0011709601873537297,3.884,9.835
8/30/2019,42.7,42.65,20,0,8866979.0,3.948,9.997,2.0,,,,,0.0056804733727811125,3.948,9.997
8/29/2019,42.25,42.49,20,0,10605566.0,3.9330000000000003,9.96,0.68,,,,,-0.001676646706586833,3.9330000000000003,9.96
8/28/2019,41.75,41.68,20,0,10430501.0,3.858,9.77,1.2,,,,,0.003094501309212153,3.858,9.77
8/27/2019,42.01,42.14,20,0,16104784.0,3.9,9.878,0.61,,,,,0.0009661835748792065,3.9,9.878
8/26/2019,41.4,41.44,20,0,6404899.0,3.8360000000000003,9.713,-0.63,,,,,-0.01960784313725491,3.8360000000000003,9.713
8/23/2019,41.82,41.0,20,17,14070412.0,3.795,9.61,-0.73,,,,,-0.015635939323220577,3.795,9.61
8/22/2019,42.85,42.18,20,17,8283589.0,3.904,9.887,0.86,,,,,-0.0007004436142890763,3.904,9.887
8/21/2019,42.83,42.8,20,17,12025062.0,3.9619999999999997,10.032,2.43,,,,,0.015609990393852032,3.9619999999999997,10.032
8/20/2019,41.64,42.29,20,17,11356679.0,3.9139999999999997,9.913,-0.56,,,,,0.014598540145985436,3.9139999999999997,9.913
8/19/2019,41.1,41.7,20,17,10276535.0,3.86,9.774,-0.38,,,,,0.006947890818858589,3.86,9.774
8/16/2019,40.3,40.58,20,18,7998824.0,3.7560000000000002,9.512,-1.73,,,,,-0.019804400977994994,3.7560000000000002,9.512
8/15/2019,40.9,40.09,20,18,12583109.0,3.7110000000000003,9.397,-0.91,,,,,-0.009261515963928895,3.7110000000000003,9.397
8/14/2019,41.03,40.65,20,18,11638683.0,3.763,9.527999999999999,-0.85,,,,,0.03464488987874303,3.763,9.527999999999999
8/13/2019,40.41,41.81,20,18,12567826.0,3.87,9.8,0.29,,,,,-0.015085158150851692,3.87,9.8
8/12/2019,41.1,40.48,20,18,6934521.0,3.747,9.488,2.36,,,,,-0.005983724269985639,3.747,9.488
8/9/2019,41.78,41.53,20,0,11419630.0,3.844,9.735,2.8,,,,,-0.0009498931370220647,3.844,9.735
8/8/2019,42.11,42.07,20,0,14684635.0,3.8939999999999997,9.861,4.17,,,,,0.030116020735620808,3.8939999999999997,9.861
8/7/2019,40.51,41.73,20,0,15427589.0,3.863,9.781,4.15,,,,,0.009775171065493611,3.863,9.781
8/6/2019,40.92,41.32,20,0,15077881.0,3.825,9.685,4.55,,,,,-0.029100529100529123,3.825,9.685
8/5/2019,41.58,40.37,20,0,23081000.0,3.737,9.463,2.71,,,,,0.024629363940698257,3.737,9.463
8/2/2019,41.82,42.85,20,36,20617168.0,3.966,10.044,5.15,,,,,-0.01081335213916316,3.966,10.044
8/1/2019,42.54,42.08,20,36,22883636.0,3.895,9.863,4.09,,,,,0.02994157740993194,3.895,9.863
7/31/2019,41.08,42.31,19,36,29745346.0,3.9160000000000004,9.917,3.63,,,,,-0.001947419668938615,3.9160000000000004,9.917
7/30/2019,41.08,41.0,19,36,15670564.0,3.795,9.61,3.16,,,,,0.0,3.795,9.61
7/29/2019,41.5,41.5,19,36,21170552.0,3.841,9.728,4.29,,,,,0.03618667332168712,3.841,9.728
7/26/2019,40.07,41.52,19,36,57527564.0,3.843,9.732000000000001,4.05,,,,,-0.02256410256410263,3.843,9.732000000000001
7/25/2019,39.0,38.12,19,36,21255432.0,3.528,8.935,0.47,,,,,0.01921052631578939,3.528,8.935
7/24/2019,38.0,38.73,19,36,12488470.0,3.585,9.078,2.28,,,,,0.0007921837866385302,3.585,9.078
7/23/2019,37.87,37.9,19,36,10741460.0,3.508,8.884,1.65,,,,,0.01787648970747553,3.508,8.884
7/22/2019,36.92,37.58,19,36,8415150.0,3.478,8.809,1.445,,,,,-0.0313487881981032,3.478,8.809
7/19/2019,37.96,36.77,19,18,10842400.0,3.403,8.619,0.75,,,,,0.007221182134260391,3.403,8.619
7/18/2019,37.39,37.66,19,18,11125887.0,3.486,8.827,1.44,,,,,-0.004226096143687179,3.486,8.827
7/17/2019,37.86,37.7,19,18,7926602.0,3.489,8.837,1.62,,,,,-0.020371325425477028,3.489,8.837
7/16/2019,38.78,37.99,19,18,10979576.0,3.516,8.905,3.09,,,,,0.017894736842105255,3.516,8.905
7/15/2019,38.0,38.68,19,18,12738673.0,3.58,9.067,3.93,,,,,0.012576933369012737,3.58,9.067
7/12/2019,37.37,37.84,19,26,8048674.0,3.502,8.87,2.62,,,,,-0.011949017525225591,3.502,8.87
7/11/2019,37.66,37.21,19,26,8549479.0,3.444,8.722000000000001,2.49,,,,,-0.011345646437994716,3.444,8.722000000000001
7/10/2019,37.9,37.47,19,26,11831813.0,3.468,8.783,1.89,,,,,0.035763411279229634,3.468,8.783
7/9/2019,36.35,37.65,19,26,14217970.0,3.485,8.825,2.63,,,,,0.011376248612652712,3.485,8.825
7/8/2019,36.04,36.45,19,26,8058474.0,3.3739999999999997,8.544,1.01,,,,,0.006944444444444444,3.3739999999999997,8.544
7/5/2019,36.0,36.25,19,0,6084815.0,3.355,8.497,-0.04,,,,,-0.007440066133921081,3.355,8.497
7/3/2019,36.29,36.02,19,0,5372634.0,3.3339999999999996,8.443,-0.42,,,,,0.0013823610727121138,3.3339999999999996,8.443
7/2/2019,36.17,36.22,19,0,8398931.0,3.353,8.49,0.07,,,,,0.016338028169014036,3.353,8.49
7/1/2019,35.5,36.08,19,0,14416765.0,3.34,8.457,-0.26,,,,,0.004316546762589887,3.34,8.457
6/28/2019,34.75,34.9,18,18,15505289.0,3.781,8.469,-2.59,,,,,-0.01946952595936788,3.781,8.469
6/27/2019,35.44,34.75,18,18,12655890.0,3.764,8.433,-2.46,,,,,0.006861063464837107,3.764,8.433
6/26/2019,34.98,35.22,18,18,8744768.0,3.815,8.547,-2.42,,,,,-0.02252252252252264,3.815,8.547
6/25/2019,35.52,34.72,18,18,11196392.0,3.761,8.426,-3.21,,,,,0.011082693947144092,3.761,8.426
6/24/2019,35.19,35.58,18,18,9216830.0,3.8539999999999996,8.634,-1.01,,,,,-0.013521126760563293,3.8539999999999996,8.634
6/21/2019,35.5,35.02,18,18,12853620.0,3.7939999999999996,8.498,-1.31,,,,,-0.025034387895460898,3.7939999999999996,8.498
6/20/2019,36.35,35.44,18,18,19676060.0,3.839,8.6,-0.66,,,,,-0.009282009282009375,3.839,8.6
6/19/2019,36.63,36.29,18,18,12059707.0,3.931,8.807,1.86,,,,,-0.0016344320348679452,3.931,8.807
6/18/2019,36.71,36.65,18,18,12705487.0,3.97,8.894,0.21,,,,,0.004964147821290671,3.97,8.894
6/17/2019,36.26,36.44,18,18,7895968.0,3.947,8.843,-0.7,,,,,-0.0057755775577557995,3.947,8.843
6/14/2019,36.36,36.15,18,26,7791057.0,3.9160000000000004,8.773,-0.7,,,,,-0.01889848812095021,3.9160000000000004,8.773
6/13/2019,37.04,36.34,18,26,21679416.0,3.937,8.818999999999999,-0.95,,,,,0.009695663883652018,3.937,8.818999999999999
6/12/2019,37.13,37.49,18,26,6795451.0,4.061,9.097999999999999,0.14,,,,,-0.0231031766867945,4.061,9.097999999999999
6/11/2019,38.09,37.21,18,26,9528602.0,4.031000000000001,9.03,-0.2,,,,,-0.018513689700130398,4.031000000000001,9.03
6/10/2019,38.35,37.64,18,26,10036385.0,4.077,9.134,0.45,,,,,0.02874966097097918,4.077,9.134
6/7/2019,36.87,37.93,18,0,15399731.0,4.109,9.205,-0.65,,,,,0.009100937672366393,4.109,9.205
6/6/2019,36.26,36.59,18,0,8862950.0,3.964,8.879,-0.88,,,,,-0.004657534246575389,3.964,8.879
6/5/2019,36.5,36.33,18,0,12798679.0,3.9360000000000004,8.816,-0.82,,,,,0.026151222285389474,3.9360000000000004,8.816
6/4/2019,35.18,36.1,18,0,15357128.0,3.911,8.761000000000001,-1.4,,,,,-0.05541838134430735,3.911,8.761000000000001
6/3/2019,36.45,34.43,18,0,22217080.0,3.73,8.355,-3.87,,,,,-0.00491534680502457,3.73,8.355
5/31/2019,36.62,36.44,17,0,8556067.0,3.947,8.843,-1.46,,,,,0.0037837837837837993,3.947,8.843
5/30/2019,37.0,37.14,17,0,7413128.0,4.023,9.013,0.21,,,,,-0.004592112371691023,4.023,9.013
5/29/2019,37.02,36.85,17,0,12270334.0,3.992,8.943,0.26,,,,,-0.0032076984763431556,3.992,8.943
5/28/2019,37.41,37.29,17,0,11770272.0,4.04,9.049,-1.16,,,,,-0.0016012810248199167,4.04,9.049
5/24/2019,37.47,37.41,17,0,9303870.0,4.053,9.078,-1.17,,,,,-0.025163826998689406,4.053,9.078
5/23/2019,38.15,37.19,17,0,18398792.0,4.029,9.025,-1.43,,,,,0.03127506014434648,4.029,9.025
5/22/2019,37.41,38.58,17,0,21105428.0,4.178999999999999,9.362,-1.65,,,,,0.0,4.178999999999999,9.362
5/21/2019,37.47,37.47,17,0,8861388.0,4.059,9.093,-3.33,,,,,0.0008081896551724445,4.059,9.093
5/20/2019,37.12,37.15,17,0,9411902.0,4.024,9.015,-2.8,,,,,-0.008723235527359194,4.024,9.015
5/17/2019,37.83,37.5,17,17,9090265.0,4.062,9.1,-1.79,,,,,0.004985568092364149,4.062,9.1
5/16/2019,38.11,38.3,17,17,10104398.0,4.149,9.294,-1.61,,,,,0.03354240523588756,4.149,9.294
5/15/2019,36.67,37.9,17,17,11523055.0,4.106,9.197000000000001,-1.88,,,,,-0.002969762419006464,4.106,9.197000000000001
5/14/2019,37.04,36.93,17,17,11125110.0,4.001,8.962,-1.74,,,,,-0.024266666666666575,4.001,8.962
5/13/2019,37.5,36.59,17,17,16829698.0,3.964,8.879,-1.89,,,,,-0.005946225439503539,3.964,8.879
5/10/2019,38.68,38.45,17,34,12258962.0,4.165,9.331,-0.84,,,,,0.017843085804250845,4.165,9.331
5/9/2019,38.11,38.79,17,34,10010669.0,4.202,9.413,-0.98,,,,,0.003381014304291169,4.202,9.413
5/8/2019,38.45,38.58,17,34,9168440.0,4.178999999999999,9.362,4.19,,,,,-0.03208020050125316,4.178999999999999,9.362
5/7/2019,39.9,38.62,17,34,19283132.0,4.184,9.372,4.225,,,,,0.013605442176870727,4.184,9.372
5/6/2019,39.69,40.23,17,34,14517359.0,4.3580000000000005,9.763,5.83,,,,,0.007905138339920957,4.3580000000000005,9.763
5/3/2019,40.48,40.8,17,25,15577111.0,4.42,9.901,6.32,,,,,0.018093781855249767,4.42,9.901
5/2/2019,39.24,39.95,17,25,13419117.0,4.328,9.695,5.49,,,,,-0.017750000000000023,4.328,9.695
5/1/2019,40.0,39.29,17,25,14962555.0,4.256,9.535,4.58,,,,,0.0030158331239004132,4.256,9.535
4/30/2019,39.79,39.91,16,25,22912022.0,4.323,9.685,5.54,,,,,0.02976960911208901,4.323,9.685
4/29/2019,38.63,39.78,16,25,19679976.0,4.309,9.654,5.2,,,,,0.0020730759264057604,4.309,9.654
4/26/2019,38.59,38.67,16,44,15270496.0,4.189,9.384,3.92,,,,,-0.0198675496688742,4.189,9.384
4/25/2019,39.26,38.48,16,44,26044758.0,4.168,9.338,3.34,,,,,-0.014300050175614658,4.168,9.338
4/24/2019,39.86,39.29,16,44,30266862.0,4.256,9.535,4.43,,,,,0.0769022474952614,4.256,9.535
4/23/2019,36.93,39.77,16,44,104262472.0,4.308,9.651,5.05,,,,,-0.0002906976744185468,4.308,9.651
4/22/2019,34.4,34.39,16,44,19704288.0,3.725,8.346,-0.03,,,,,-0.007787712719930865,3.725,8.346
4/18/2019,34.67,34.4,16,17,9806113.0,3.7260000000000004,8.347999999999999,0.65,,,,,-0.007198387561186295,3.7260000000000004,8.347999999999999
4/17/2019,34.73,34.48,16,17,9022995.0,3.735,8.367,1.04,,,,,-0.01090700344431695,3.735,8.367
4/16/2019,34.84,34.46,16,17,9396320.0,3.733,8.363,1.58,,,,,0.009598603839441486,3.733,8.363
4/15/2019,34.38,34.71,16,17,10248382.0,3.76,8.423,1.84,,,,,-0.00865301413325654,3.76,8.423
4/12/2019,34.67,34.37,16,17,12713801.0,3.7230000000000003,8.341000000000001,2.09,,,,,-0.004892086330935301,3.7230000000000003,8.341000000000001
4/11/2019,34.75,34.58,16,17,10982651.0,3.7460000000000004,8.392000000000001,1.52,,,,,-0.01446398184912076,3.7460000000000004,8.392000000000001
4/10/2019,35.26,34.75,16,17,11648786.0,3.764,8.433,2.16,,,,,0.008610792192881663,3.764,8.433
4/9/2019,34.84,35.14,16,17,13889711.0,3.807,8.527999999999999,2.12,,,,,0.0020120724346076543,3.807,8.527999999999999
4/8/2019,34.79,34.86,16,17,10655009.0,3.7760000000000002,8.46,2.25,,,,,0.00492040520984086,3.7760000000000002,8.46
4/5/2019,34.55,34.72,16,0,9571670.0,3.761,8.426,2.15,,,,,-0.008069164265129715,3.761,8.426
4/4/2019,34.7,34.42,16,0,14604127.0,3.7289999999999996,8.353,3.15,,,,,0.01117647058823537,3.7289999999999996,8.353
4/3/2019,34.0,34.38,16,0,18040972.0,3.7239999999999998,8.343,3.3,,,,,0.009270334928229734,3.7239999999999998,8.343
4/2/2019,33.44,33.75,16,0,11638013.0,3.656,8.19,2.53,,,,,0.008443908323281096,3.656,8.19
4/1/2019,33.16,33.44,16,0,12499656.0,3.622,8.115,2.41,,,,,-0.0066465256797582735,3.622,8.115
3/29/2019,33.1,32.88,15,0,13529256.0,3.6919999999999997,8.26,1.58,,,,,0.017962217404769228,3.6919999999999997,8.26
3/28/2019,32.29,32.87,15,0,17750596.0,3.6910000000000003,8.257,1.71,,,,,-0.019738839963559022,3.6910000000000003,8.257
3/27/2019,32.93,32.28,15,0,13669409.0,3.625,8.109,1.41,,,,,0.002425712553062626,3.625,8.109
3/26/2019,32.98,33.06,15,0,17252300.0,3.713,8.305,3.02,,,,,-0.007310386841303531,3.713,8.305
3/25/2019,32.83,32.59,15,0,15272347.0,3.66,8.187000000000001,2.47,,,,,0.016000000000000097,3.66,8.187000000000001
3/22/2019,32.5,33.02,15,0,28034684.0,3.708,8.295,2.22,,,,,0.009285051067780783,3.708,8.295
3/21/2019,32.31,32.61,15,0,13346906.0,3.662,8.192,1.58,,,,,0.042573623559539114,3.662,8.192
3/20/2019,31.24,32.57,15,0,22373782.0,3.658,8.182,2.07,,,,,0.003852327447833098,3.658,8.182
3/19/2019,31.15,31.27,15,0,15557439.0,3.512,7.855,0.65,,,,,-0.005440000000000054,3.512,7.855
3/18/2019,31.25,31.08,15,0,13172614.0,3.49,7.807,0.3,,,,,0.005798969072164939,3.49,7.807
3/15/2019,31.04,31.22,15,17,17522706.0,3.5060000000000002,7.843,0.81,,,,,-0.0079923273657289,3.5060000000000002,7.843
3/14/2019,31.28,31.03,15,17,12090588.0,3.485,7.795,0.02,,,,,-0.00031938677738735263,3.485,7.795
3/13/2019,31.31,31.3,15,17,10201337.0,3.515,7.8629999999999995,-0.69,,,,,0.00032102728731947235,3.515,7.8629999999999995
3/12/2019,31.15,31.16,15,17,12324334.0,3.4989999999999997,7.827999999999999,-0.55,,,,,0.02083333333333342,3.4989999999999997,7.827999999999999
3/11/2019,30.24,30.87,15,17,16013214.0,3.467,7.755,0.11,,,,,0.013495276653171342,3.467,7.755
3/8/2019,29.64,30.04,15,33,11964309.0,3.373,7.546,-1.33,,,,,-0.020806241872561786,3.373,7.546
3/7/2019,30.76,30.12,15,33,15779860.0,3.3819999999999997,7.566,-1.53,,,,,-0.004524886877828072,3.3819999999999997,7.566
3/6/2019,30.94,30.8,15,33,10938592.0,3.4589999999999996,7.737,-0.64,,,,,0.017377049180327907,3.4589999999999996,7.737
3/5/2019,30.5,31.03,15,33,13073531.0,3.485,7.795,-0.2,,,,,-0.00909681611436001,3.485,7.795
3/4/2019,30.78,30.5,15,33,15920363.0,3.425,7.662000000000001,-0.46,,,,,-0.017645171639396877,3.425,7.662000000000001
3/1/2019,31.17,30.62,15,33,12360706.0,3.4389999999999996,7.692,-0.5,,,,,0.01752066115702483,3.4389999999999996,7.692
2/28/2019,30.25,30.78,14,33,15242855.0,3.457,7.732,0.39,,,,,-0.01744749596122776,3.457,7.732
2/27/2019,30.95,30.41,14,33,24639116.0,3.415,7.638999999999999,0.18,,,,,-0.027594857322044496,3.415,7.638999999999999
2/26/2019,31.89,31.01,14,33,17519064.0,3.4819999999999998,7.79,1.0,,,,,0.0,3.4819999999999998,7.79
2/25/2019,31.99,31.99,14,33,15061331.0,3.592,8.036,1.19,,,,,0.029211295034079914,3.592,8.036
2/22/2019,30.81,31.71,14,33,15413439.0,3.5610000000000004,7.966,-2.45,,,,,-0.01913265306122442,3.5610000000000004,7.966
2/21/2019,31.36,30.76,14,33,13944892.0,3.4539999999999997,7.727,-3.61,,,,,-0.010722169662567008,3.4539999999999997,7.727
2/20/2019,31.71,31.37,14,33,16871140.0,3.523,7.88,-2.57,,,,,0.013448607108549412,3.523,7.88
2/19/2019,31.23,31.65,14,33,14391680.0,3.554,7.9510000000000005,-1.54,,,,,0.000961538461538498,3.554,7.9510000000000005
2/15/2019,31.2,31.23,14,33,17591516.0,3.5069999999999997,7.845,-1.03,,,,,0.003240440699935237,3.5069999999999997,7.845
2/14/2019,30.86,30.96,14,33,15321099.0,3.477,7.777,-0.68,,,,,0.017991494929669633,3.477,7.777
2/13/2019,30.57,31.12,14,33,29683308.0,3.495,7.818,-2.01,,,,,-0.0016425755584757132,3.495,7.818
2/12/2019,30.44,30.39,14,33,20315266.0,3.4130000000000003,7.6339999999999995,-2.51,,,,,0.001988730527013547,3.4130000000000003,7.6339999999999995
2/11/2019,30.17,30.23,14,33,28838152.0,3.395,7.593999999999999,-1.38,,,,,-0.015096816540859774,3.395,7.593999999999999
2/8/2019,30.47,30.01,14,24,40669784.0,3.37,7.539,-0.96,,,,,-0.011870388193776098,3.37,7.539
2/7/2019,31.17,30.8,14,24,69764056.0,3.4589999999999996,7.737,-1.45,,,,,-0.025392296718972914,3.4589999999999996,7.737
2/6/2019,35.05,34.16,14,24,34058032.0,3.8360000000000003,8.581,1.4,,,,,0.0023330417031203936,3.8360000000000003,8.581
2/5/2019,34.29,34.37,14,24,17610232.0,3.86,8.634,1.1,,,,,0.017996400719855858,3.86,8.634
2/4/2019,33.34,33.94,14,24,14244111.0,3.8110000000000004,8.526,1.09,,,,,-0.011025029797377966,3.8110000000000004,8.526
2/1/2019,33.56,33.19,14,17,18816582.0,3.727,8.338,0.72,,,,,0.014817054732385909,3.727,8.338
1/31/2019,33.07,33.56,13,17,21211308.0,3.7689999999999997,8.43,0.54,,,,,0.006866416978776494,3.7689999999999997,8.43
1/30/2019,32.04,32.26,13,17,17142508.0,3.623,8.104,-0.11,,,,,-0.05070507050705064,3.623,8.104
1/29/2019,33.33,31.64,13,17,18849804.0,3.553,7.9479999999999995,-1.23,,,,,0.014701378254211455,3.553,7.9479999999999995
1/28/2019,32.65,33.13,13,17,21750772.0,3.72,8.322000000000001,0.04,,,,,0.02844638949671773,3.72,8.322000000000001
1/25/2019,31.99,32.9,13,17,22522440.0,3.695,8.265,0.65,,,,,0.02165481577246277,3.695,8.265
1/24/2019,30.94,31.61,13,17,12470397.0,3.55,7.941,-0.19,,,,,-0.03998760074395534,3.55,7.941
1/23/2019,32.26,30.97,13,17,21084440.0,3.478,7.78,-0.37,,,,,-0.021838034576888047,3.478,7.78
1/22/2019,32.97,32.25,13,17,17780790.0,3.622,8.101,2.3,,,,,0.00665658093797295,3.622,8.101
1/18/2019,33.05,33.27,13,0,16776795.0,3.736,8.357999999999999,4.46,,,,,0.011703110563597246,3.736,8.357999999999999
1/17/2019,32.47,32.85,13,0,12059708.0,3.6889999999999996,8.252,4.075,,,,,-0.01903323262839887,3.6889999999999996,8.252
1/16/2019,33.1,32.47,13,0,10130195.0,3.6460000000000004,8.157,3.73,,,,,0.015687480775146267,3.6460000000000004,8.157
1/15/2019,32.51,33.02,13,0,13548207.0,3.708,8.295,4.59,,,,,-0.00030883261272406163,3.708,8.295
1/14/2019,32.38,32.37,13,0,9523030.0,3.635,8.132,3.69,,,,,0.0006088280060881589,3.635,8.132
1/11/2019,32.85,32.87,13,43,17732288.0,3.6910000000000003,8.257,4.21,,,,,0.00030229746070148476,3.6910000000000003,8.257
1/10/2019,33.08,33.09,13,43,30504456.0,3.716,8.312000000000001,5.535,,,,,0.014150943396226393,3.716,8.312000000000001
1/9/2019,31.8,32.25,13,43,14554404.0,3.622,8.101,5.8,,,,,0.0031545741324921586,3.622,8.101
1/8/2019,31.7,31.8,13,43,18915168.0,3.571,7.9879999999999995,4.49,,,,,0.03774834437086095,3.571,7.9879999999999995
1/7/2019,30.2,31.34,13,43,19917784.0,3.5189999999999997,7.872999999999999,2.05,,,,,0.05494892567805561,3.5189999999999997,7.872999999999999
1/4/2019,28.39,29.95,13,37,23412594.0,3.363,7.524,-2.98,,,,,-0.013742071881606786,3.363,7.524
1/3/2019,28.38,27.99,13,37,19051650.0,3.1430000000000002,7.031000000000001,-5.75,,,,,0.0194621372965321,3.1430000000000002,7.031000000000001
1/2/2019,28.26,28.81,13,37,15053718.0,3.235,7.237,-4.62,,,,,0.004895104895104791,3.235,7.237
12/31/2018,28.6,28.74,12,37,15975022.0,3.227,7.22,-7.15,,,,,-0.017283097131005877,3.227,7.22
12/28/2018,28.93,28.43,12,20,21820474.0,3.35,7.545,-7.82,,,,,0.019189765458422145,3.35,7.545
12/27/2018,28.14,28.68,12,20,31987720.0,3.38,7.612,-5.77,,,,,0.061481481481481484,3.38,7.612
12/26/2018,27.0,28.66,12,20,35529620.0,3.377,7.606,-4.77,,,,,-0.003766478342749583,3.377,7.606
12/24/2018,26.55,26.45,12,20,18208306.0,3.117,7.02,-6.51,,,,,-0.0682360968952576,3.117,7.02
12/21/2018,29.31,27.31,12,18,38714140.0,3.218,7.247999999999999,-5.45,,,,,-0.1012580546179811,3.218,7.247999999999999
12/20/2018,32.59,29.29,12,18,51983016.0,3.452,7.774,-3.27,,,,,-0.02313853455947793,3.452,7.774
12/19/2018,33.71,32.93,12,18,24784326.0,3.8810000000000002,8.74,-0.73,,,,,0.003270889087124574,3.8810000000000002,8.74
12/18/2018,33.63,33.74,12,18,18885118.0,3.9760000000000004,8.955,2.29,,,,,-0.06306053811659193,3.9760000000000004,8.955
12/17/2018,35.68,33.43,12,18,23880856.0,3.94,8.872,2.13,,,,,0.017588652482269432,3.94,8.872
12/14/2018,35.25,35.87,12,17,19528500.0,4.227,9.52,3.14,,,,,-0.014010989010988958,4.227,9.52
12/13/2018,36.4,35.89,12,17,22831608.0,4.229,9.525,3.28,,,,,0.03660280240205894,4.229,9.525
12/12/2018,34.97,36.25,12,17,32608548.0,4.272,9.621,3.43,,,,,0.009375915616759456,4.272,9.621
12/11/2018,34.13,34.45,12,17,30118556.0,4.06,9.142999999999999,3.33,,,,,0.021387106630003143,4.06,9.142999999999999
12/10/2018,32.73,33.43,12,17,19971132.0,3.94,8.872,2.065,,,,,-0.00030450669914753697,3.94,8.872
12/7/2018,32.84,32.83,12,34,29497106.0,3.8689999999999998,8.713,1.22,,,,,0.015403573629081947,3.8689999999999998,8.713
12/6/2018,32.46,32.96,12,34,25922800.0,3.884,8.748,1.9,,,,,-0.02163461538461535,3.884,8.748
12/4/2018,33.28,32.56,12,34,22471984.0,3.8369999999999997,8.642000000000001,-1.11,,,,,0.04404466501240678,3.8369999999999997,8.642000000000001
12/3/2018,32.24,33.66,12,34,24021142.0,3.967,8.933,0.51,,,,,0.009630818619582688,3.967,8.933
11/30/2018,31.15,31.45,11,59,25833200.0,3.7060000000000004,8.347000000000001,-1.46,,,,,-0.03573629081947012,3.7060000000000004,8.347000000000001
11/29/2018,32.46,31.3,11,59,50505660.0,3.6889999999999996,8.307,-1.19,,,,,-0.008181818181818276,3.6889999999999996,8.307
11/28/2018,33.0,32.73,11,59,19073306.0,3.8569999999999998,8.687000000000001,0.72,,,,,0.0052404438964242205,3.8569999999999998,8.687000000000001
11/27/2018,32.44,32.61,11,59,10727428.0,3.843,8.655,-1.47,,,,,0.038607594936708824,3.843,8.655
11/26/2018,31.6,32.82,11,59,17095996.0,3.8680000000000003,8.711,-1.36,,,,,-0.005750798722044719,3.8680000000000003,8.711
11/23/2018,31.3,31.12,11,36,5813907.0,3.667,8.259,-3.87,,,,,-0.0018945374171140596,3.667,8.259
11/21/2018,31.67,31.61,11,36,16466856.0,3.725,8.389,-2.41,,,,,0.0363697030363697,3.725,8.389
11/20/2018,29.97,31.06,11,36,20927590.0,3.66,8.243,-3.24,,,,,-0.047079856972586466,3.66,8.243
11/19/2018,33.56,31.98,11,36,15745042.0,3.7689999999999997,8.488,-2.64,,,,,0.025586353944563003,3.7689999999999997,8.488
11/16/2018,32.83,33.67,11,17,17904096.0,3.968,8.936,-1.08,,,,,0.01097895699908507,3.968,8.936
11/15/2018,32.79,33.15,11,17,16824776.0,3.907,8.798,-0.71,,,,,0.0006080875646091828,3.907,8.798
11/14/2018,32.89,32.91,11,17,19448666.0,3.878,8.734,0.52,,,,,0.007754342431761786,3.878,8.734
11/13/2018,32.24,32.49,11,17,17206288.0,3.8289999999999997,8.623,0.13,,,,,-0.05852941176470594,3.8289999999999997,8.623
11/12/2018,34.0,32.01,11,17,18147500.0,3.772,8.496,0.21,,,,,0.009777777777777727,3.772,8.496
11/9/2018,33.75,34.08,11,66,16034666.0,4.016,9.045,6.54,,,,,-0.020068807339449622,4.016,9.045
11/8/2018,34.88,34.18,11,66,15146446.0,4.0280000000000005,9.071,5.41,,,,,0.0069064748201439425,4.0280000000000005,9.071
11/7/2018,34.75,34.99,11,66,16802102.0,4.123,9.286,5.81,,,,,0.013545347467608977,4.123,9.286
11/6/2018,33.96,34.42,11,66,15508315.0,4.056,9.135,5.59,,,,,-0.007005253940455192,4.056,9.135
11/5/2018,34.26,34.02,11,66,18214274.0,4.0089999999999995,9.029,4.73,,,,,-0.016346429595640963,4.0089999999999995,9.029
11/2/2018,34.87,34.3,11,44,23994750.0,4.042,9.103,4.75,,,,,0.0005780346820808099,4.042,9.103
11/1/2018,34.6,34.62,11,44,27497952.0,4.08,9.187999999999999,4.75,,,,,0.011056153622345143,4.08,9.187999999999999
10/31/2018,34.37,34.75,10,44,33063724.0,4.095,9.222999999999999,6.14,,,,,0.06578533207428391,4.095,9.222999999999999
10/30/2018,31.77,33.86,10,44,43678168.0,3.99,8.987,5.87,,,,,-0.002156500308071481,3.99,8.987
10/29/2018,32.46,32.39,10,44,40899856.0,3.8169999999999997,8.596,5.39,,,,,0.037179487179487186,3.8169999999999997,8.596
10/26/2018,31.2,32.36,10,52,47746952.0,3.813,8.588,5.57,,,,,0.015325670498084304,3.813,8.588
10/25/2018,31.32,31.8,10,52,79251008.0,3.747,8.44,2.53,,,,,-0.045407279029462816,3.747,8.44
10/24/2018,28.85,27.54,10,52,37910188.0,3.245,7.309,-0.91,,,,,0.01018258426966289,3.245,7.309
10/23/2018,28.48,28.77,10,52,26503640.0,3.39,7.636,0.38,,,,,0.0044750430292598625,3.39,7.636
10/22/2018,29.05,29.18,10,52,21719412.0,3.4389999999999996,7.744,0.95,,,,,-0.017047391749062394,3.4389999999999996,7.744
10/19/2018,29.33,28.83,10,18,20112940.0,3.397,7.652,-0.18,,,,,-0.0037414965986394366,3.397,7.652
10/18/2018,29.4,29.29,10,18,24174288.0,3.452,7.774,1.1,,,,,-0.013355592654423994,3.452,7.774
10/17/2018,29.95,29.55,10,18,19379384.0,3.4819999999999998,7.843,1.24,,,,,0.026460481099656343,3.4819999999999998,7.843
10/16/2018,29.1,29.87,10,18,18443044.0,3.52,7.928,1.41,,,,,0.02728904847396761,3.52,7.928
10/15/2018,27.85,28.61,10,18,20225196.0,3.372,7.593,-0.81,,,,,-0.0035599857600570103,3.372,7.593
10/12/2018,28.09,27.99,10,18,27127468.0,3.298,7.428999999999999,-1.02,,,,,0.0246679316888045,3.298,7.428999999999999
10/11/2018,26.35,27.0,10,18,33065282.0,3.182,7.166,-2.11,,,,,-0.08001373626373633,3.182,7.166
10/10/2018,29.12,26.79,10,18,40399372.0,3.157,7.11,-1.81,,,,,0.01986062717770036,3.157,7.11
10/9/2018,28.7,29.27,10,18,22759248.0,3.449,7.768,0.77,,,,,0.008507621410847162,3.449,7.768
10/8/2018,28.21,28.45,10,18,22114408.0,3.353,7.551,-1.4,,,,,0.0017642907551164682,3.353,7.551
10/5/2018,28.34,28.39,10,17,28996144.0,3.346,7.535,-1.13,,,,,-0.018086956521739115,3.346,7.535
10/4/2018,28.75,28.23,10,17,21120350.0,3.327,7.492000000000001,-0.99,,,,,0.022198731501057174,3.327,7.492000000000001
10/3/2018,28.38,29.01,10,17,19358692.0,3.4189999999999996,7.699,0.15,,,,,0.0017768301350391154,3.4189999999999996,7.699
10/2/2018,28.14,28.19,10,17,17714372.0,3.322,7.482,-1.93,,,,,-0.007015082427218619,3.322,7.482
10/1/2018,28.51,28.31,10,17,20538924.0,3.3360000000000003,7.513999999999999,-2.08,,,,,-0.02700854700854698,3.3360000000000003,7.513999999999999
9/28/2018,29.25,28.46,9,17,22719644.0,3.867,7.989,-1.29,,,,,0.012388162422574088,3.867,7.989
9/27/2018,29.06,29.42,9,17,14830480.0,3.997,8.258,-1.47,,,,,-0.006506849315068415,3.997,8.258
9/26/2018,29.2,29.01,9,17,12742119.0,3.9419999999999997,8.142999999999999,-1.53,,,,,0.012521739130434762,3.9419999999999997,8.142999999999999
9/25/2018,28.75,29.11,9,17,16130320.0,3.955,8.171,-1.38,,,,,0.00953053300388292,3.955,8.171
9/24/2018,28.33,28.6,9,17,20249040.0,3.886,8.027999999999999,-2.21,,,,,-0.045545880776959126,3.886,8.027999999999999
9/21/2018,29.86,28.5,9,17,43122576.0,3.872,8.0,-4.23,,,,,0.005050505050505122,3.872,8.0
9/20/2018,29.7,29.85,9,17,15377977.0,4.056,8.379,-4.99,,,,,0.012692967409948576,4.056,8.379
9/19/2018,29.15,29.52,9,17,16023530.0,4.011,8.286,-5.49,,,,,0.013176144244105376,4.011,8.286
9/18/2018,28.84,29.22,9,17,15856766.0,3.97,8.202,-5.96,,,,,-0.00654044750430297,3.97,8.202
9/17/2018,29.05,28.86,9,17,30592298.0,3.9210000000000003,8.101,-6.78,,,,,-0.010837438423645264,3.9210000000000003,8.101
9/14/2018,30.45,30.12,9,17,13474732.0,4.093,8.455,-5.23,,,,,0.009634551495016583,4.093,8.455
9/13/2018,30.1,30.39,9,17,18522540.0,4.129,8.531,-5.1,,,,,-0.028095393662201876,4.129,8.531
9/12/2018,30.61,29.75,9,17,29845200.0,4.042,8.351,-6.14,,,,,0.014783180026281185,4.042,8.351
9/11/2018,30.44,30.89,9,17,16000139.0,4.197,8.671,-3.39,,,,,0.0013114754098360376,4.197,8.671
9/10/2018,30.5,30.54,9,17,17805834.0,4.15,8.573,-3.34,,,,,0.005938634114153736,4.15,8.573
9/7/2018,30.31,30.49,9,44,31484160.0,4.143,8.559,-3.32,,,,,-0.06238587948874013,4.143,8.559
9/6/2018,32.86,30.81,9,44,36023568.0,4.186,8.649,-2.88,,,,,-0.05541125541125546,4.186,8.649
9/5/2018,34.65,32.73,9,44,36051144.0,4.447,9.187999999999999,0.13,,,,,0.002589928057554055,4.447,9.187999999999999
9/4/2018,34.75,34.84,9,44,13567620.0,4.734,9.78,2.11,,,,,-0.010964295754849609,4.734,9.78
8/31/2018,35.57,35.18,8,18,19073902.0,4.78,9.875,2.8,,,,,0.010490501842925926,4.78,9.875
8/30/2018,35.27,35.64,8,18,19217248.0,4.843,10.004,2.45,,,,,-0.00169443659983042,4.843,10.004
8/29/2018,35.41,35.35,8,18,17725702.0,4.803,9.923,2.55,,,,,-0.013618677042801416,4.803,9.923
8/28/2018,35.98,35.49,8,18,22281636.0,4.822,9.962,3.48,,,,,0.035487593768032434,4.822,9.962
8/27/2018,34.66,35.89,8,18,28306330.0,4.877,10.075,3.93,,,,,0.008235294117647092,4.877,10.075
8/24/2018,34.0,34.28,8,18,15214005.0,4.658,9.623,2.44,,,,,-0.0005899705014748089,4.658,9.623
8/23/2018,33.9,33.88,8,18,25746306.0,4.604,9.51,1.21,,,,,0.010762331838565004,4.604,9.51
8/22/2018,33.45,33.81,8,18,18576272.0,4.593999999999999,9.491,0.83,,,,,0.028702290076335808,4.593999999999999,9.491
8/21/2018,32.75,33.69,8,18,29575742.0,4.578,9.457,1.73,,,,,-0.005794449527294838,4.578,9.457
8/20/2018,32.79,32.6,8,18,16535739.0,4.43,9.151,-0.22,,,,,-0.0003054367745878166,4.43,9.151
8/17/2018,32.74,32.73,8,18,14874597.0,4.447,9.187999999999999,0.82,,,,,0.0039755351681955795,4.447,9.187999999999999
8/16/2018,32.7,32.83,8,18,20873238.0,4.461,9.216000000000001,0.96,,,,,-0.013105760438890572,4.461,9.216000000000001
8/15/2018,32.81,32.38,8,18,26433384.0,4.4,9.089,1.0,,,,,-0.006287425149700624,4.4,9.089
8/14/2018,33.4,33.19,8,18,26442592.0,4.51,9.317,-0.93,,,,,0.023720349563046132,4.51,9.317
8/13/2018,32.04,32.8,8,18,44235320.0,4.457,9.207,-10.14,,,,,0.01137440758293837,4.457,9.207
8/10/2018,31.65,32.01,8,36,16073873.0,4.349,8.985,-12.21,,,,,0.0034536891679748643,4.349,8.985
8/9/2018,31.85,31.96,8,36,17662112.0,4.343,8.971,-10.21,,,,,-0.027786259541984736,4.343,8.971
8/8/2018,32.75,31.84,8,36,22539432.0,4.3260000000000005,8.937999999999999,-11.47,,,,,-0.012990936555891229,4.3260000000000005,8.937999999999999
8/7/2018,33.1,32.67,8,36,24635596.0,4.439,9.171,-10.75,,,,,0.03645505971087356,4.439,9.171
8/6/2018,31.82,32.98,8,36,27512414.0,4.481,9.258,-10.46,,,,,-0.01903007980356039,4.481,9.258
8/3/2018,32.58,31.96,8,45,26316962.0,4.343,8.971,-11.38,,,,,0.03926535782140602,4.343,8.971
8/2/2018,31.58,32.82,8,45,27088040.0,4.459,9.213,-11.89,,,,,-0.010542635658914725,4.459,9.213
8/1/2018,32.25,31.91,8,45,33231692.0,4.336,8.957,-12.35,,,,,-0.0025039123630672395,4.336,8.957
7/31/2018,31.95,31.87,7,45,64392220.0,4.33,8.946,-12.62,,,,,-0.08165057067603168,4.33,8.946
7/30/2018,34.17,31.38,7,45,77852432.0,4.263999999999999,8.809,-13.88,,,,,-0.08402684563758396,4.263999999999999,8.809
7/27/2018,37.25,34.12,7,100,122856760.0,4.636,9.578,-9.75,,,,,0.0016328434802892534,4.636,9.578
7/26/2018,42.87,42.94,7,100,30018698.0,5.835,12.054,-0.81,,,,,0.044155844155844094,5.835,12.054
7/25/2018,42.35,44.22,7,100,25206276.0,6.007999999999999,12.413,0.08,,,,,-0.036554717843271675,6.007999999999999,12.413
7/24/2018,43.77,42.17,7,100,22433944.0,5.73,11.837,-4.48,,,,,-0.0032220943613348804,5.73,11.837
7/23/2018,43.45,43.31,7,100,15251177.0,5.885,12.157,-1.75,,,,,-0.0018390804597700758,5.885,12.157
7/20/2018,43.5,43.42,7,27,10445469.0,5.9,12.187999999999999,-1.055,,,,,0.003928819043216884,5.9,12.187999999999999
7/19/2018,43.27,43.44,7,27,13366788.0,5.902,12.194,-0.45,,,,,-0.01923512106811483,5.902,12.194
7/18/2018,44.19,43.34,7,27,26536776.0,5.888999999999999,12.165999999999999,-1.64,,,,,0.025693966506079316,5.888999999999999,12.165999999999999
7/17/2018,43.59,44.71,7,27,20122310.0,6.075,12.55,1.04,,,,,-0.0009029345372460305,6.075,12.55
7/16/2018,44.3,44.26,7,27,13012826.0,6.013999999999999,12.424000000000001,-0.53,,,,,-0.017446996466431077,6.013999999999999,12.424000000000001
7/13/2018,45.28,44.49,7,18,16453000.0,6.045,12.489,0.79,,,,,0.010267857142857162,6.045,12.489
7/12/2018,44.8,45.26,7,18,27078524.0,6.15,12.705,0.42,,,,,0.02908749706779251,6.15,12.705
7/11/2018,42.63,43.87,7,18,35100108.0,5.961,12.315,-0.3,,,,,-0.010180995475113187,5.961,12.315
7/10/2018,44.2,43.75,7,18,38467448.0,5.945,12.280999999999999,-2.13,,,,,-0.0556268720581943,5.945,12.280999999999999
7/9/2018,46.74,44.14,7,18,107582352.0,5.997999999999999,12.39,-1.1,,,,,0.038744154976619954,5.997999999999999,12.39
7/6/2018,44.91,46.65,7,37,23740652.0,6.3389999999999995,13.095,0.52,,,,,0.022464261402314546,6.3389999999999995,13.095
7/5/2018,44.07,45.06,7,37,16172028.0,6.122999999999999,12.649000000000001,0.11,,,,,-0.032407407407407385,6.122999999999999,12.649000000000001
7/3/2018,45.36,43.89,7,37,14237483.0,5.9639999999999995,12.32,-1.91,,,,,0.04458894565722235,5.9639999999999995,12.32
7/2/2018,43.06,44.98,7,37,16703638.0,6.112,12.626,-1.78,,,,,-0.03063263041065473,6.112,12.626
6/29/2018,45.05,43.67,6,37,24392892.0,6.303,12.829,-0.4,,,,,0.026116838487972523,6.303,12.829
6/28/2018,43.65,44.79,6,37,18911180.0,6.465,13.158,1.3,,,,,-0.039560439560439496,6.465,13.158
6/27/2018,45.5,43.7,6,37,25875456.0,6.307,12.838,2.28,,,,,0.010820559062218304,6.307,12.838
6/26/2018,44.36,44.84,6,37,20194074.0,6.472,13.173,3.63,,,,,-0.028590279305036225,6.472,13.173
6/25/2018,45.47,44.17,6,37,31379324.0,6.375,12.975999999999999,4.47,,,,,0.006581834137779821,6.375,12.975999999999999
6/22/2018,45.58,45.88,6,36,31106300.0,6.622000000000001,13.478,5.78,,,,,-0.02415875754961168,6.622000000000001,13.478
6/21/2018,46.36,45.24,6,36,32200256.0,6.53,13.29,5.44,,,,,0.012510974539069365,6.53,13.29
6/20/2018,45.56,46.13,6,36,31230186.0,6.6579999999999995,13.552,8.25,,,,,-0.005310909493250606,6.6579999999999995,13.552
6/19/2018,45.19,44.95,6,36,39252000.0,6.4879999999999995,13.205,8.3,,,,,0.014780498566071073,6.4879999999999995,13.205
6/18/2018,45.33,46.0,6,36,26025576.0,6.638999999999999,13.514000000000001,11.3,,,,,-0.017589017589017597,6.638999999999999,13.514000000000001
6/15/2018,46.62,45.8,6,86,51489584.0,6.61,13.455,11.44,,,,,0.049607182940516296,6.61,13.455
6/14/2018,44.55,46.76,6,86,50949064.0,6.749,13.737,12.72,,,,,-0.00384267631103078,6.749,13.737
6/13/2018,44.24,44.07,6,86,35169168.0,6.361000000000001,12.947000000000001,10.235,,,,,0.02401695314339541,6.361000000000001,12.947000000000001
6/12/2018,42.47,43.49,6,86,51154996.0,6.277,12.776,9.86,,,,,0.0,6.277,12.776
6/11/2018,41.42,41.42,6,86,24605266.0,5.978,12.168,7.9,,,,,0.043555330463408426,5.978,12.168
6/8/2018,39.49,41.21,6,71,34538900.0,5.9479999999999995,12.106,7.79,,,,,-0.010961634280019873,5.9479999999999995,12.106
6/7/2018,40.14,39.7,6,71,41573448.0,5.73,11.663,6.84,,,,,0.017250126839167927,5.73,11.663
6/6/2018,39.42,40.1,6,71,147805712.0,5.787999999999999,11.78,6.47,,,,,0.006830255502150165,5.787999999999999,11.78
6/5/2018,39.53,39.8,6,71,66122176.0,5.744,11.692,7.17,,,,,0.03923182441700959,5.744,11.692
6/4/2018,36.45,37.88,6,71,32632802.0,5.4670000000000005,11.128,5.3,,,,,0.04297097324985766,5.4670000000000005,11.128
6/1/2018,35.14,36.65,6,18,29583088.0,5.29,10.767000000000001,3.88,,,,,0.009014248328002392,5.29,10.767000000000001
5/31/2018,34.39,34.7,5,18,14433219.0,5.008,10.193999999999999,1.95,,,,,0.004678362573099315,5.008,10.193999999999999
5/30/2018,34.2,34.36,5,18,14588186.0,4.959,10.094,0.97,,,,,0.018551765409934095,4.959,10.094
5/29/2018,33.42,34.04,5,18,22086674.0,4.913,10.0,1.29,,,,,0.0026833631484795293,4.913,10.0
5/25/2018,33.54,33.63,5,18,10424410.0,4.854,9.88,1.17,,,,,0.002392344497607817,4.854,9.88
5/24/2018,33.44,33.52,5,18,14491903.0,4.838,9.847000000000001,1.67,,,,,0.022018348623853174,4.838,9.847000000000001
5/23/2018,32.7,33.42,5,18,13442658.0,4.824,9.818,2.09,,,,,-0.02723505032563652,4.824,9.818
5/22/2018,33.78,32.86,5,18,15003157.0,4.743,9.652999999999999,1.82,,,,,0.01847365233192003,4.743,9.652999999999999
5/21/2018,33.02,33.63,5,18,21328448.0,4.854,9.88,2.96,,,,,0.00245775729646714,4.854,9.88
5/18/2018,32.55,32.63,5,0,10618936.0,4.71,9.586,2.08,,,,,-0.00610128126906659,4.71,9.586
5/17/2018,32.78,32.58,5,0,10760174.0,4.702,9.571,2.28,,,,,0.0006106870229008588,4.702,9.571
5/16/2018,32.75,32.77,5,0,10868673.0,4.73,9.627,2.46,,,,,-0.012662044015676867,4.73,9.627
5/15/2018,33.17,32.75,5,0,15840804.0,4.727,9.621,3.75,,,,,0.009676443906864236,4.727,9.621
5/14/2018,33.07,33.39,5,0,18007006.0,4.819,9.809,3.12,,,,,-0.005768063145112257,4.819,9.809
5/11/2018,32.94,32.75,5,17,14482552.0,4.727,9.621,3.0,,,,,0.004891470498318453,4.727,9.621
5/10/2018,32.71,32.87,5,17,20723532.0,4.744,9.656,2.4,,,,,0.012160898035547258,4.744,9.656
5/9/2018,32.07,32.46,5,17,20726456.0,4.685,9.536,1.24,,,,,0.0208333333333334,4.685,9.536
5/8/2018,31.2,31.85,5,17,19581184.0,4.5969999999999995,9.357000000000001,-0.06,,,,,0.00869285254346425,4.5969999999999995,9.357000000000001
5/7/2018,31.06,31.33,5,17,18517536.0,4.522,9.204,-0.21,,,,,0.02713434811383191,4.522,9.204
5/4/2018,30.22,31.04,5,51,21035168.0,4.48,9.119,-0.5,,,,,0.015226746110559445,4.48,9.119
5/3/2018,30.21,30.67,5,51,19813452.0,4.427,9.01,-1.17,,,,,0.018333333333333358,4.427,9.01
5/2/2018,30.0,30.55,5,51,22481684.0,4.409,8.975,1.97,,,,,0.002979145978152925,4.409,8.975
5/1/2018,30.21,30.3,5,51,30679164.0,4.373,8.901,1.54,,,,,0.059049615653389155,4.373,8.901
4/30/2018,28.62,30.31,4,51,41760192.0,4.375,8.904,1.31,,,,,-0.03878024527676505,4.375,8.904
4/27/2018,30.17,29.0,4,69,37420136.0,4.186,8.519,-0.39,,,,,-0.002635914332784245,4.186,8.519
4/26/2018,30.35,30.27,4,69,43784176.0,4.369,8.892999999999999,0.74,,,,,-0.051036682615630026,4.369,8.892999999999999
4/25/2018,31.35,29.75,4,69,93090448.0,4.294,8.74,1.74,,,,,-0.02277100705580503,4.294,8.74
4/24/2018,31.18,30.47,4,69,41265272.0,4.398,8.951,2.37,,,,,-0.0396800984312519,4.398,8.951
4/23/2018,32.51,31.22,4,69,29411008.0,4.506,9.172,2.58,,,,,-0.022664624808575756,4.506,9.172
4/20/2018,32.65,31.91,4,42,34819656.0,4.606,9.374,3.66,,,,,0.005419190309212564,4.606,9.374
4/19/2018,31.37,31.54,4,42,22640052.0,4.552,9.266,4.0,,,,,-0.0041048310704137215,4.552,9.266
4/18/2018,31.67,31.54,4,42,25139952.0,4.552,9.266,3.5,,,,,0.08115449915110359,4.552,9.266
4/17/2018,29.45,31.84,4,42,46696040.0,4.596,9.354,3.315,,,,,-0.009358752166377925,4.596,9.354
4/16/2018,28.85,28.58,4,42,11505305.0,4.125,8.396,-0.43,,,,,-0.01641586867305051,4.125,8.396
4/13/2018,29.24,28.76,4,17,12712577.0,4.151,8.449,0.31,,,,,-0.02977584476413518,4.151,8.449
4/12/2018,29.89,29.0,4,17,17327036.0,4.186,8.519,0.93,,,,,-0.0023761031907671513,4.186,8.519
4/11/2018,29.46,29.39,4,17,25287882.0,4.242,8.634,-2.52,,,,,0.04125528913963335,4.242,8.634
4/10/2018,28.36,29.53,4,17,28840098.0,4.262,8.675,-1.5,,,,,-0.0032028469750889628,4.262,8.675
4/9/2018,28.1,28.01,4,17,13973173.0,4.043,8.229,-3.19,,,,,-0.006364922206506355,4.043,8.229
4/6/2018,28.28,28.1,4,17,15317967.0,4.056,8.255,-4.63,,,,,0.004559803577692003,4.056,8.255
4/5/2018,28.51,28.64,4,17,24407286.0,4.1339999999999995,8.414,-2.71,,,,,0.05214152700186214,4.1339999999999995,8.414
4/4/2018,26.85,28.25,4,17,22001986.0,4.077,8.299,-6.73,,,,,-0.028913963328631886,4.077,8.299
4/3/2018,28.36,27.54,4,17,26071704.0,3.975,8.091000000000001,-8.04,,,,,-0.011632005639760376,3.975,8.091000000000001
4/2/2018,28.37,28.04,4,17,24353132.0,4.047,8.237,-7.76,,,,,0.008692628650904033,4.047,8.237
3/29/2018,28.76,29.01,3,53,36828384.0,4.293,8.868,-5.1,,,,,0.024118070554355584,4.293,8.868
3/28/2018,27.78,28.45,3,53,47853632.0,4.21,8.697000000000001,-7.05,,,,,-0.11868131868131872,4.21,8.697000000000001
3/27/2018,31.85,28.07,3,53,80415536.0,4.154,8.581,-7.28,,,,,0.006942253076680304,4.154,8.581
3/26/2018,31.69,31.91,3,53,25546284.0,4.7219999999999995,9.755,-2.94,,,,,-0.007357645553422918,4.7219999999999995,9.755
3/23/2018,31.26,31.03,3,85,24878100.0,4.592,9.486,-4.73,,,,,-0.01794145420207744,4.592,9.486
3/22/2018,31.77,31.2,3,85,29561920.0,4.617,9.538,-3.23,,,,,0.016775396085740888,4.617,9.538
3/21/2018,32.19,32.73,3,85,43672096.0,4.843,10.005,-1.85,,,,,-0.10223367697594501,4.843,10.005
3/20/2018,34.92,31.35,3,85,82937608.0,4.638999999999999,9.584,-1.65,,,,,-0.004269854824936113,4.638999999999999,9.584
3/19/2018,35.13,34.98,3,85,22194764.0,5.176,10.693,2.74,,,,,-0.011666666666666714,5.176,10.693
3/16/2018,36.0,35.58,3,0,13833813.0,5.265,10.877,3.72,,,,,-0.016753639110134565,5.265,10.877
3/15/2018,36.41,35.8,3,0,21059228.0,5.297999999999999,10.944,4.48,,,,,0.06705539358600596,5.297999999999999,10.944
3/14/2018,34.3,36.6,3,0,41632832.0,5.416,11.187999999999999,4.44,,,,,-0.036440677966101676,5.416,11.187999999999999
3/13/2018,35.4,34.11,3,0,22096928.0,5.048,10.427,1.45,,,,,-0.0008443568815086163,5.048,10.427
3/12/2018,35.53,35.5,3,0,21078894.0,5.252999999999999,10.852,3.39,,,,,0.004261363636363595,5.252999999999999,10.852
3/9/2018,35.2,35.35,3,25,19119452.0,5.231,10.806,1.97,,,,,-0.016092603049124795,5.231,10.806
3/8/2018,35.42,34.85,3,25,24845344.0,5.157,10.652999999999999,2.01,,,,,0.05207413945278011,5.157,10.652999999999999
3/7/2018,33.99,35.76,3,25,33656144.0,5.292000000000001,10.932,2.81,,,,,-0.004337767495662192,5.292000000000001,10.932
3/6/2018,34.58,34.43,3,25,22641004.0,5.095,10.525,1.37,,,,,0.05106382978723403,5.095,10.525
3/5/2018,32.9,34.58,3,25,34840000.0,5.117,10.571,0.97,,,,,0.03351080488568745,5.117,10.571
3/2/2018,31.93,33.0,3,33,24918892.0,4.883,10.088,-0.75,,,,,0.00907668231611902,4.883,10.088
3/1/2018,31.95,32.24,3,33,25032476.0,4.771,9.856,-1.2,,,,,0.011428571428571411,4.771,9.856
2/28/2018,31.5,31.86,2,33,24180132.0,4.715,9.738999999999999,0.91,,,,,-0.018489501723597614,4.715,9.738999999999999
2/27/2018,31.91,31.32,2,33,16544005.0,4.635,9.574,-0.19,,,,,-0.016513761467890097,4.635,9.574
2/26/2018,32.7,32.16,2,33,15766299.0,4.7589999999999995,9.831,1.98,,,,,0.014285714285714091,4.7589999999999995,9.831
2/23/2018,32.2,32.66,2,50,17283432.0,4.833,9.984,5.75,,,,,-0.03948549207298834,4.833,9.984
2/22/2018,33.43,32.11,2,50,29184052.0,4.752,9.816,6.87,,,,,0.010596427490160503,4.752,9.816
2/21/2018,33.03,33.38,2,50,29589334.0,4.94,10.204,8.25,,,,,-0.0012165450121654241,4.94,10.204
2/20/2018,32.88,32.84,2,50,22766658.0,4.86,10.039,6.92,,,,,-0.009289781240635156,4.86,10.039
2/16/2018,33.37,33.06,2,42,27900974.0,4.8919999999999995,10.106,7.25,,,,,-0.012342051131354738,4.8919999999999995,10.106
2/15/2018,34.03,33.61,2,42,32020504.0,4.974,10.274000000000001,7.99,,,,,0.02739726027397256,4.974,10.274000000000001
2/14/2018,32.85,33.75,2,42,39339176.0,4.994,10.317,8.57,,,,,0.09031626997065523,4.994,10.317
2/13/2018,30.67,33.44,2,42,57653044.0,4.949,10.222000000000001,9.17,,,,,-0.015585241730279961,4.949,10.222000000000001
2/12/2018,31.44,30.95,2,42,37001024.0,4.58,9.461,8.79,,,,,0.03753704313467239,4.58,9.461
2/9/2018,30.37,31.51,2,66,67181216.0,4.663,9.632,9.14,,,,,-0.11625183016105414,4.663,9.632
2/8/2018,34.15,30.18,2,66,162434368.0,4.466,9.226,7.43,,,,,0.04181184668989554,4.466,9.226
2/7/2018,25.83,26.91,2,66,48909340.0,3.9819999999999998,8.226,3.59,,,,,0.02643350955673032,3.9819999999999998,8.226
2/6/2018,24.59,25.24,2,66,26646516.0,3.735,7.716,1.58,,,,,-0.009459992116673314,3.735,7.716
2/5/2018,25.37,25.13,2,66,33918380.0,3.719,7.682,1.09,,,,,-0.024096385542168565,3.719,7.682
2/2/2018,26.56,25.92,2,34,32492112.0,3.8360000000000003,7.9239999999999995,1.36,,,,,0.06347962382445145,3.8360000000000003,7.9239999999999995
2/1/2018,25.52,27.14,2,34,47582600.0,4.016,8.297,2.48,,,,,0.007809449433814888,4.016,8.297
1/31/2018,25.61,25.81,1,34,40451920.0,3.819,7.89,0.775,,,,,0.031816351188079045,3.819,7.89
1/30/2018,24.83,25.62,1,34,52388104.0,3.7910000000000004,7.832000000000001,0.21,,,,,0.031967213114754145,3.7910000000000004,7.832000000000001
1/29/2018,24.4,25.18,1,34,52739620.0,3.7260000000000004,7.697,0.83,,,,,0.08396605627512278,3.7260000000000004,7.697
1/26/2018,22.39,24.27,1,34,49683872.0,3.592,7.419,0.02,,,,,-0.015111111111111105,3.592,7.419
1/25/2018,22.5,22.16,1,34,15501687.0,3.279,6.774,-2.01,,,,,-0.020577933450087516,3.279,6.774
1/24/2018,22.84,22.37,1,34,23186510.0,3.31,6.837999999999999,-2.22,,,,,0.010661928031985714,3.31,6.837999999999999
1/23/2018,22.51,22.75,1,34,35321248.0,3.367,6.955,,,,,,0.006473888649115174,3.367,6.955
1/22/2018,23.17,23.32,1,34,23010628.0,3.451,7.129,,,,,,-0.01907131011608627,3.451,7.129
1/19/2018,24.12,23.66,1,17,17529712.0,3.5010000000000003,7.233,,,,,,-0.018775510204081667,3.5010000000000003,7.233
1/18/2018,24.5,24.04,1,17,21118484.0,3.5580000000000003,7.349,,,,,,-0.011272141706924362,3.5580000000000003,7.349
1/17/2018,24.84,24.56,1,17,17026744.0,3.634,7.507999999999999,,,,,,-0.03596559812353394,3.634,7.507999999999999
1/16/2018,25.58,24.66,1,17,32340744.0,3.6489999999999996,7.537999999999999,,,,,,0.018845228548516394,3.6489999999999996,7.537999999999999
1/12/2018,24.94,25.41,1,34,37046060.0,3.76,7.768,,,,,,0.002057613168724309,3.76,7.768
1/11/2018,24.3,24.35,1,34,11670398.0,3.603,7.444,,,,,,0.010416666666666666,3.603,7.444
1/10/2018,24.0,24.25,1,34,10420723.0,3.589,7.412999999999999,,,,,,-0.018676410881039274,3.589,7.412999999999999
1/9/2018,24.63,24.17,1,34,12587134.0,3.577,7.388999999999999,,,,,,0.009027492819039756,3.577,7.388999999999999
1/8/2018,24.37,24.59,1,34,17831260.0,3.639,7.517,,,,,,,,
